district_no,r2,mae,avg_deviation,name,data_point_count,is_low_data
01003,0.403523302876895,44.52929036736486,107.93614612519741,Lübeck,16,False
01051,0.5387677376130885,50.078478642377014,132.4736132621765,Dithmarschen,22,False
01053,0.6946446956449919,40.93694358912377,115.745650454001,Herzogtum Lauenburg,22,False
01054,0.5863241202643188,65.63697797288003,131.77180380821227,Nordfriesland,20,False
01055,0.25631195312913413,47.20887488067149,110.88955521024764,Ostholstein,16,False
01056,0.0634767666268562,33.15997809410097,107.57952648401259,Pinneberg,8,True
01057,0.6207186241633231,39.03100480616092,108.08731633424759,Plön,16,False
01058,0.7720048874190937,36.11873134352945,125.7329389182004,Rendsburg-Eckernförde,22,False
01059,0.596051571547443,51.03704499114645,123.51442951505834,Schleswig-Flensburg,22,False
01060,0.5710944016499744,55.87697843811727,118.54300691864707,Segeberg,22,False
01061,0.7678649470570702,39.543886296640714,130.2815202366222,Steinburg,22,False
01062,0.6387091617638878,39.762906249761585,104.3125487677753,Stormarn,16,False
03102,0.5561775781841132,52.65883813164452,126.07443534786051,Salzgitter,22,False
03103,0.19454673992406046,62.27232171201708,118.1944247663021,Wolfsburg,20,False
03151,0.6710720626413852,42.616934180693185,120.14296732707457,Gifhorn,22,False
03153,0.5231251898857319,56.25191198869183,140.75800948996437,Goslar,22,False
03155,0.762175329832169,43.07987617752769,131.5349119684913,Northeim,22,False
03157,0.5784790960649454,46.765940185351816,121.47632533853704,Peine,22,False
03158,0.601473739673718,46.8823393643986,125.28969542546706,Wolfenbüttel,22,False
03241,0.7167506830797722,42.562145183064665,115.75685940547423,Region Hannover,22,False
03251,0.2281057487125976,64.00814103061502,116.78636769814925,Diepholz,22,False
03252,0.7154899731050617,46.416302143443716,131.010904350064,Hameln-Pyrmont,22,False
03254,0.6951155118226016,42.64159248352049,128.77907686883754,Hildesheim,22,False
03255,0.6163514102536011,49.0157087794217,134.5971541079608,Holzminden,22,False
03256,0.6453052333218179,50.54598148389296,118.22043048251759,Nienburg (Weser),22,False
03257,0.5448496853821501,50.011359911398465,123.71463926271959,Schaumburg,22,False
03351,0.5044503342656181,51.808978356231364,118.78556479005651,Celle,22,False
03352,0.24696159317523692,82.802570861158,131.45070485770702,Cuxhaven,8,True
03353,0.5655225351728368,50.49667071602564,112.84181317145175,Harburg,22,False
03354,0.6254278429814177,49.46711975097655,118.42914710261606,Lüchow-Dannenberg,22,False
03355,0.6913222885521253,43.111541864221756,114.08977211063558,Lüneburg,22,False
03356,-5.356487545349542,128.36219169559084,136.26756200790405,Osterholz,5,True
03357,0.34260794905689806,74.96110051805323,118.69205447760496,Rotenburg (Wümme),22,False
03358,0.579718094703572,58.20905736576428,115.02375143766403,Heidekreis,22,False
03359,0.5634376945521709,53.99979906165884,127.07687664031982,Stade,21,False
03360,0.5165801590643659,43.06665436224504,116.52557569234209,Uelzen,22,False
03361,0.3827318715998057,66.16690025242893,116.17199710282412,Verden,22,False
03402,-99.0,11.456113433837913,165.18589401245117,Emden,1,True
03451,-11.167539607123409,106.55857550333663,123.35761896769203,Ammerland,3,True
03452,-11.665327799910475,120.01719897853395,157.48652136325836,Aurich,4,True
03453,0.8169680207978598,33.42931335608164,137.93297932545343,Cloppenburg,12,False
03454,0.3570828758400644,72.93313301889518,135.70729237245885,Emsland,19,False
03456,0.20015831168012965,86.02972110430737,139.92148678643363,Grafschaft Bentheim,7,True
03457,0.5619915596675822,48.60211013603212,130.8523689587911,Leer,15,False
03458,0.6146829036446311,49.607501188814624,118.31246083974838,Oldenburg,16,False
03459,0.8177156729678257,34.40603404794421,126.30897148450215,Osnabrück,21,False
03460,0.625585850582637,47.833121631741534,110.90245622396469,Vechta,12,False
03461,-99.0,80.04678649902348,146.50834131240845,Wesermarsch,1,True
05116,0.1213443463126368,90.57676354885102,144.036694640205,Mönchengladbach,21,False
05124,-5.350364387150341,62.331080775790745,181.3823782602946,Wuppertal,6,True
05154,0.37405312697839643,59.639550506851904,135.35599079999056,Kleve,22,False
05158,0.6047127505354258,50.16907026767731,136.1911641098559,Mettmann,16,False
05162,0.5247897159453287,57.981531050855466,134.5856569897045,Rhein-Kreis Neuss,22,False
05166,0.4661053394714133,72.32965518065863,133.94414411272322,Viersen,21,False
05170,0.024747263852411994,86.53318975818163,130.56576657295227,Wesel,20,False
05315,0.198126621800079,50.72261735637982,122.42882712682088,Köln,12,False
05316,0.051162761781208155,42.22584579885006,134.50518894195557,Leverkusen,16,False
05334,0.5459612324068893,55.638441179898024,150.5813653821295,Städteregion Aachen,22,False
05358,0.2312590687670113,65.93966015826571,138.333378683437,Düren,22,False
05362,0.5004852573423102,54.0575288306583,139.17043317448008,Rhein-Erft-Kreis,22,False
05366,0.052150265447232114,73.72588422536852,152.45430229468778,Euskirchen,22,False
05370,0.5910017083848236,53.53529437346891,135.62110179120845,Heinsberg,22,False
05378,-99.0,3.456571578979492,193.89844512939453,Rheinisch-Bergischer Kreis,1,True
05382,-0.13196195230194951,85.73208580363881,147.0239440094341,Rhein-Sieg-Kreis,22,False
05515,0.2929220551366144,72.23506605495106,119.0187036340887,Münster,11,False
05554,-0.12795075004001477,86.93549506859347,138.85881553996694,Borken,22,False
05558,0.47183274869000524,95.12792961524082,129.07032078963059,Coesfeld,13,False
05562,-0.4907137750359025,70.75062992930414,119.13254761695862,Recklinghausen,8,True
05566,-1.499943693041041,49.7860960438377,127.45501392766049,Steinfurt,19,False
05570,-0.7042530970236476,66.83944343298676,122.42526462674141,Warendorf,16,False
05754,-0.01993020567459869,80.56880744482342,134.23892056314568,Gütersloh,19,False
05758,0.5926960171168862,67.4528143335524,135.0610668772743,Herford,21,False
05762,0.558241543631365,63.67685256437823,133.93678584965792,Höxter,22,False
05766,0.46515030044844485,57.14773434769024,136.7616694732146,Lippe,22,False
05770,0.7394242597688256,29.8777315413952,110.62541650980711,Minden-Lübbecke,16,False
05774,0.2966978976943533,68.01411655664444,130.93318864703178,Paderborn,16,False
05958,-9.342665073221267,269.2442583465577,168.1766119003296,Hochsauerlandkreis,2,True
05962,-0.5224430231933956,62.973279724121106,178.80028915405273,Märkischer Kreis,6,True
05974,0.7311643372800497,41.25836064598777,141.95672752640465,Soest,22,False
05978,0.3305921262077508,60.98256340503693,132.68562605645923,Unna,18,False
06411,0.33625881975046157,45.62053829073905,120.63878769055009,Darmstadt,16,False
06414,0.424645489287915,59.111865236057945,127.92912498642417,Wiesbaden,17,False
06431,0.4239820396775188,69.61712770518135,125.1414440870285,Bergstraße,17,False
06432,0.3084878974374887,63.76721776008606,131.75942592796955,Darmstadt-Dieburg,22,False
06433,0.48798259210362105,64.38202967643737,131.30005622993815,Groß-Gerau,22,False
06434,0.16847087170699337,60.770192802349726,142.14504680179414,Hochtaunuskreis,21,False
06435,0.04995312479836245,62.5248419895172,127.83225615024567,Main-Kinzig-Kreis,20,False
06436,0.06311586367046673,73.58234957337378,121.63355237990618,Main-Taunus-Kreis,16,False
06437,0.25690743552880446,52.92835792914033,126.01430514454842,Odenwaldkreis,16,False
06438,0.25713874342595344,49.297273632049546,115.57057016293207,Offenbach,15,False
06439,-0.466358227435856,65.00313163220885,125.77689205110073,Rheingau-Taunus-Kreis,16,False
06440,0.4150110984118809,66.8146784129468,124.32968975197186,Wetteraukreis,22,False
06531,0.33207583189585455,64.21088828892935,127.38932714008149,Gießen,21,False
06532,0.2816530113086281,54.212776796817764,126.78502921760082,Lahn-Dill-Kreis,16,False
06533,0.1463978258029095,68.32327940702436,119.35199218988419,Limburg-Weilburg,16,False
06534,0.16545750332625309,64.12770068407059,122.1107451915741,Marburg-Biedenkopf,16,False
06535,0.47993156351967603,68.64444816875455,134.67368325889112,Vogelsbergkreis,20,False
06631,-0.32697410503048197,103.47356445312504,126.92946815490723,Fulda,11,False
06632,0.30896053245148813,70.96480791568754,118.09242513077334,Hersfeld-Rotenburg,16,False
06633,0.6449456852746829,52.455562410354645,132.4310975630175,Kassel,22,False
06634,0.4333856158910717,55.27966453812337,127.30405532094565,Schwalm-Eder-Kreis,22,False
06635,0.4695355963354926,53.869386103153246,132.69475183356553,Waldeck-Frankenberg,16,False
06636,0.10261791988862079,62.947956000241355,133.81585424461147,Werra-Meißner-Kreis,22,False
07131,-0.1747710038447563,134.17579287528991,119.92000102996826,Ahrweiler,4,True
07133,0.25555047923078067,73.60095243013822,130.968599319458,Bad Kreuznach,13,False
07135,-99.0,44.73625335693362,161.1608066558838,Cochem-Zell,1,True
07137,0.12823524570043887,74.40508690243678,137.9358647494089,Mayen-Koblenz,21,False
07138,-0.21224780750569994,29.982536398569703,114.32048479715984,Neuwied,3,True
07141,-185.57772960588508,77.67581658045447,102.19667371114095,Rhein-Lahn-Kreis,3,True
07231,-25.76352906596507,74.14006931304937,114.91240692138672,Bernkastel-Wittlich,3,True
07232,-99.0,35.810882568359375,150.92601013183594,Eifelkreis Bitburg-Prüm,1,True
07331,-0.06305054206123062,73.76235797882077,133.96824842149562,Alzey-Worms,22,False
07333,0.11701836734364524,91.15821470173924,129.6512716033242,Donnersbergkreis,22,False
07334,-0.2523347035699326,82.85101525230843,126.8914561231028,Germersheim,22,False
07335,-0.1985696702727502,119.45239347139996,110.06043434143066,Kaiserslautern,3,True
07336,-99.0,52.39537506103511,99.27117919921875,Kusel,1,True
07337,0.3840261125167551,56.43988470911981,132.44764997742394,Südliche Weinstraße,22,False
07338,0.024190093173230398,81.48944253319188,126.3342967786287,Rhein-Pfalz-Kreis,19,False
07339,-0.040749532025893265,90.60662793853066,131.72927336801183,Mainz-Bingen,22,False
07340,-0.12930411528434438,180.0061053276062,109.15644454956055,Südwestpfalz,2,True
08111,0.33632138906511455,69.60627388139564,138.50551628073057,Stuttgart,12,False
08115,0.4755940801230377,64.4880895438947,118.6804555842751,Böblingen,19,False
08116,-0.2005536287446521,41.69282256671359,110.86481577583722,Esslingen,7,True
08118,-0.06283103458773254,75.38800231868571,125.25342670353976,Ludwigsburg,22,False
08119,0.11209603104010357,63.423037694201746,123.36177147136016,Rems-Murr-Kreis,17,False
08125,0.07893552263348447,74.26943556590511,123.64596210284667,Heilbronn,22,False
08126,0.07843434071819333,80.64799435929817,131.09813302755356,Hohenlohekreis,22,False
08127,0.32549396043853673,41.992638034820565,117.43715121348698,Schwäbisch Hall,12,False
08128,0.0571121333559379,78.38507415424694,131.3274998746135,Main-Tauber-Kreis,22,False
08135,-0.3258055352143929,58.630956913630136,122.93890039126079,Heidenheim,6,True
08136,0.14502021310472146,34.744501815795886,116.60721616744995,Ostalbkreis,5,True
08215,0.14461430228800076,72.53572412696751,125.73969719084826,Karlsruhe,22,False
08216,-99.0,44.677975320816074,120.19770050048822,Rastatt,1,True
08225,0.20363953969015758,67.51079104938005,137.40642117199144,Neckar-Odenwald-Kreis,19,False
08226,0.39859000949749546,65.38333507104353,132.47259666702965,Rhein-Neckar-Kreis,22,False
08236,-0.32147053176447216,24.52864747047424,121.49623894691467,Enzkreis,8,True
08315,0.002679106701968137,35.04679069161418,132.15448355674744,Breisgau-Hochschwarzwald,8,True
08316,-0.09020819413913106,57.70723244667056,122.82477722167968,Emmendingen,5,True
08317,-3.377499335761663,36.220898857116765,134.72734832763672,Ortenaukreis,2,True
08335,-2.439095966739937,43.25446369171141,145.92043781280518,Konstanz,2,True
08337,-99.0,113.05934410095222,188.87396240234375,Waldshut,1,True
08416,-99.0,176.3528513050079,82.17246627807617,Tübingen,1,True
08425,0.3119342999942376,50.582966005537266,130.61125287744733,Alb-Donau-Kreis,18,False
08426,0.4684376282153664,23.446351760463287,114.69416416775097,Biberach,11,False
08435,-0.860373452369632,35.068796730041484,111.99656599760056,Bodenseekreis,8,True
08436,-1.4416666439228303,46.091871610005704,138.73972129821777,Ravensburg,5,True
09161,-1.2168685497835239,73.77911160693448,121.59468611548928,Ingolstadt,17,False
09162,-0.21623968315072362,70.32751078437356,124.44394282733693,München,17,False
09171,0.022481125990556183,61.16422301488766,123.03410350575166,Altötting,17,False
09173,-99.0,1.9867042541503679,82.09725570678711,Bad Tölz-Wolfratshausen,1,True
09174,0.4003492627052275,61.459977602707724,124.29267884555615,Dachau,19,False
09175,-0.9806325122484996,63.770963720433855,127.57078417609719,Ebersberg,17,False
09176,-0.12431606188305833,66.57847710847857,129.4505667090416,Eichstätt,22,False
09177,0.5189837409801918,64.6166931498678,124.96803165736951,Erding,19,False
09178,-0.0559694160258275,72.81710340076023,120.81795616282358,Freising,18,False
09179,-0.395665928010166,77.27335024303859,126.77632012301021,Fürstenfeldbruck,18,False
09181,0.2285127693899749,71.15903705423528,139.03166491876948,Landsberg am Lech,22,False
09183,-0.31688469517819806,78.08959117665012,120.08939928167007,Mühldorf am Inn,17,False
09184,-1.1215078340147566,51.66980234482709,129.48900673406965,München,17,False
09185,0.11952070824394612,64.28056269515643,129.45248611406848,Neuburg-Schrobenhausen,22,False
09186,-0.31286315388958474,73.00424490637722,124.56098493224098,Pfaffenhofen an der Ilm,21,False
09187,-0.8268262620509528,91.30979583740236,144.15890089670816,Rosenheim,6,True
09188,-0.5977938310671902,60.494339581657854,129.05284956974143,Starnberg,17,False
09189,-0.5066466581414886,76.96400450678432,147.90677716451532,Traunstein,17,False
09263,-0.05989427351963905,68.43573461322224,120.89984177140629,Straubing,17,False
09271,0.3975730334040636,59.52179846351796,132.15180913968518,Deggendorf,22,False
09273,0.39421978272286473,65.48202435229992,125.7768858447671,Kelheim,22,False
09274,0.5381517853292566,65.52201039065012,129.4880851453001,Landshut,22,False
09275,-0.031051216362904643,60.35844501831951,122.83774302987491,Passau,17,False
09276,-1.9305905458774242,41.580163183212306,147.51965522766113,Regen,4,True
09277,-0.12057080778633877,59.0776757183942,127.64630471576343,Rottal-Inn,22,False
09278,0.4698579077993418,63.402819119366725,131.91004250266334,Straubing-Bogen,22,False
09279,0.14626592426048557,71.56340536204252,128.08998252654618,Dingolfing-Landau,22,False
09371,-0.3680157944926099,74.22224652907427,129.27948163537417,Amberg-Sulzbach,17,False
09372,-0.4769571759565958,80.26118266006932,139.16774132847786,Cham,16,False
09373,0.0008388034426496382,85.81732194732216,127.22864627838135,Neumarkt in der Oberpfalz,17,False
09374,0.09931996486076045,55.97880822181699,108.33423948287964,Neustadt an der Waldnaab,4,True
09375,0.26981569253653537,55.09842046672648,129.47674749114296,Regensburg,22,False
09376,0.10228591175161506,72.50535585806648,131.11970498982598,Schwandorf,17,False
09377,0.08593942932776266,69.34099915828025,143.31360694340296,Tirschenreuth,14,False
09471,-0.38802984529867146,78.5285658892989,131.60678513277145,Bamberg,21,False
09472,-0.43018697190143573,100.446577204536,137.40040676734026,Bayreuth,17,False
09474,-0.4191906559967338,73.00009413305452,124.81286116207347,Forchheim,17,False
09475,-0.43440294735973084,86.02337428122758,145.66549918428063,Hof,16,False
09476,-0.6807060920208621,116.51244610922677,139.6500587250505,Kronach,7,True
09477,-0.26340969942139725,79.54772651447968,127.96944183461807,Kulmbach,17,False
09478,-0.876869510218975,90.47480054743149,124.68150741913739,Lichtenfels,17,False
09479,-0.6718303004157593,62.49398040175437,136.1664161682129,Wunsiedel im Fichtelgebirge,4,True
09562,-0.1720628040414387,81.39729808807373,120.86376770103679,Erlangen,17,False
09564,0.27428268600530414,57.86777236601884,118.1885633468628,Nürnberg,17,False
09565,0.030922050418601743,55.83589727906618,120.39891278042512,Schwabach,17,False
09571,-0.14877637089129458,96.34063389864833,129.10629578882998,Ansbach,22,False
09572,-0.6311506922965935,85.81361515942741,120.22192380007576,Erlangen-Höchstadt,17,False
09573,-0.11397842611435016,100.10219376910817,133.60343431342733,Fürth,22,False
09574,0.1817391269025569,48.78936002058141,127.04780221686644,Nürnberger Land,17,False
09575,-0.16218425365121036,97.65030605489557,128.65616604956713,Neustadt an der Aisch-Bad Windsheim,22,False
09576,0.1305004063805172,54.521597419314915,123.25205602910783,Roth,18,False
09577,-0.26490015296147074,83.88651943470303,120.41896668547078,Weißenburg-Gunzenhausen,19,False
09671,-0.21983271123025672,73.45681540320896,126.4179661694695,Aschaffenburg,17,False
09672,-0.2629532216163606,88.32665414376692,134.21238498254255,Bad Kissingen,22,False
09673,-0.10915002411697095,71.98062230413609,131.27998316287994,Rhön-Grabfeld,22,False
09674,-0.16999314793173714,89.55226305007936,131.36259921843356,Haßberge,22,False
09675,-0.14107891599150157,111.27293397686695,131.69094811786306,Kitzingen,22,False
09676,0.1876246813706547,58.67452025368097,136.88840016864594,Miltenberg,21,False
09677,-0.18507024501300062,89.85687658114865,135.32127775929192,Main-Spessart,22,False
09678,-0.35148057810297795,107.4498766821081,130.83479779416865,Schweinfurt,22,False
09679,-0.11841725512639378,89.5645940364491,131.33650609850883,Würzburg,22,False
09761,-0.3094725011389914,65.75464859289282,118.12591589198394,Augsburg,17,False
09771,0.5847827301126574,56.57974248365924,127.46904143961993,Aichach-Friedberg,22,False
09772,0.39526045907462304,65.30912568742578,126.82431469180368,Augsburg,22,False
09773,0.29368636352887323,67.02316270611503,122.61212408542633,Dillingen an der Donau,22,False
09774,0.46489270465051147,66.54982109763408,126.3277342559939,Günzburg,22,False
09775,-0.4899822827251332,58.98516753543509,128.389201446013,Neu-Ulm,22,False
09777,-0.03362198284320672,79.89733381607954,149.05214152616614,Ostallgäu,17,False
09778,0.28771047063214994,44.499364817002224,125.35586499116,Unterallgäu,17,False
09779,0.3159168102563117,67.39609639167786,121.98781351338734,Donau-Ries,22,False
09780,0.33965319095177837,46.476194729436024,135.2520811898368,Oberallgäu,7,True
12060,-1.1509559476853322,41.47115509986877,127.05211663246155,Barnim,4,True
12061,-0.2530067923103745,84.09042945098875,151.05115679800514,Dahme-Spreewald,5,True
12062,0.23861714964687575,80.62237978839873,145.72071857061238,Elbe-Elster,20,False
12063,0.25710211090386415,97.5899684824262,151.9589974426088,Havelland,21,False
12064,-0.23028474108044916,70.9701255427088,142.0473749864669,Märkisch-Oderland,21,False
12065,-99.0,41.40151410732426,109.9829568862915,Oberhavel,1,True
12068,-0.1934793818323246,85.01746238390605,129.4435969988505,Ostprignitz-Ruppin,9,True
12069,-0.3675142389723858,83.44172707748415,146.64254913330078,Potsdam-Mittelmark,10,False
12070,0.556120595829855,61.13542524814606,136.69254554401743,Prignitz,22,False
12071,-436.6897168058832,20.47347686767578,137.67633950710294,Spree-Neiße,3,True
12072,-0.0904979185397079,60.22404776573178,131.12499068677425,Teltow-Fläming,8,True
12073,0.15971315101601247,70.1480047932538,142.98337152871218,Uckermark,22,False
13071,0.5371690162463919,58.51591166439375,142.5274200439453,Mecklenburgische Seenplatte,22,False
13072,0.7931989952753481,38.472664359623444,134.7708851857619,Rostock,22,False
13073,0.748334999374481,53.13517300955405,129.8581049008803,Vorpommern-Rügen,22,False
13074,0.4387379694009884,53.860793619155906,123.06830008463426,Nordwestmecklenburg,22,False
13075,0.45974879958583703,55.234781932322285,135.51660535552284,Vorpommern-Greifswald,22,False
13076,0.435982396580194,51.23938427486905,127.06548873944716,Ludwigslust-Parchim,22,False
14521,-99.0,95.84922002115479,112.20098876953125,Erzgebirgskreis,1,True
14522,0.634719897146613,52.62411622486723,144.99476517330515,Mittelsachsen,22,False
14524,-0.11427799361178304,97.64907194525222,143.074458360672,Zwickau,18,False
14612,0.37721555176543564,40.8122790305066,116.18309268951415,Dresden,5,True
14625,0.25672116951853563,72.37022425110027,135.38220658627424,Bautzen,22,False
14626,-0.057612426772436054,67.2909345588319,137.03244374015114,Görlitz,22,False
14627,0.43421943729926904,73.22860129572506,143.09057395024732,Meißen,22,False
14628,0.20628373542917589,70.38477669029714,137.5205808877945,Sächsische Schweiz-Osterzgebirge,16,False
14729,-0.03109009178396982,93.38633531766482,136.12933764674446,Leipzig,22,False
14730,-0.160408697154792,106.83585681669756,138.26990525289014,Nordsachsen,22,False
15001,-0.49378879890225336,80.93547839984893,123.55935564637184,Dessau-Roßlau,16,False
15003,-0.07177863840425158,76.945953611933,144.50393132159584,Magdeburg,19,False
15081,0.032761388732707175,74.81969455632294,127.79013641178608,Altmarkkreis Salzwedel,22,False
15082,-0.29866734713731846,99.8454658087956,135.18717569519174,Anhalt-Bitterfeld,22,False
15083,0.0846642153190521,64.17863373187173,133.88949117335406,Börde,22,False
15084,-0.010917587343036717,75.30845734669842,141.20745062015274,Burgenlandkreis,22,False
15085,-0.16040118831424244,72.06771610835948,141.0566958039999,Harz,22,False
15086,0.030869416378430214,85.43064282003701,138.0854312025688,Jerichower Land,22,False
15087,0.18925725999469423,66.61652008103846,140.80385810949585,Mansfeld-Südharz,22,False
15088,-0.33933904614129107,92.12714520079525,137.92602513463828,Saalekreis,22,False
15089,-0.10173078432388372,79.16145937196266,141.71510646830905,Salzlandkreis,22,False
15090,-0.02307510575190186,86.41015291723339,139.616868942976,Stendal,22,False
15091,-0.5072014649082135,111.66448277274712,147.12106836654922,Wittenberg,22,False
16052,0.2956481857612343,75.92173480315643,146.0134356130253,Gera,22,False
16055,-0.6489896792167729,49.15017781999373,132.56266276041666,Weimar,9,True
16061,0.31949930251135283,63.43313510552049,142.14569459483027,Eichsfeld,16,False
16062,-0.1918877817296054,70.94064347657292,137.720133358782,Nordhausen,22,False
16063,-9.414665030139043,124.41976027901858,206.29846687316893,Wartburgkreis,5,True
16064,-0.12972840127862106,56.51572227738122,134.22368184273893,Unstrut-Hainich-Kreis,22,False
16065,-0.20369039460639393,73.25732617053119,135.87795161929998,Kyffhäuserkreis,22,False
16066,0.41475912596925923,47.28583376121517,138.39113240242006,Schmalkalden-Meiningen,20,False
16067,0.0029173958402477496,67.77233645482495,140.72824354605243,Gotha,22,False
16068,-0.2083402343916454,74.91479147564279,137.1684192527424,Sömmerda,22,False
16069,-0.8679651314126888,87.7329108083248,135.92263443768024,Hildburghausen,16,False
16070,0.11596845238037512,71.09343405924344,151.65294496636642,Ilm-Kreis,19,False
16071,0.0165018530657427,66.32796539566733,141.17895175652072,Weimarer Land,22,False
16074,0.26339616250877373,64.17814606926662,142.9486295689236,Saale-Holzland-Kreis,22,False
16075,-0.049965316699342344,81.43611901933492,149.83635629849002,Saale-Orla-Kreis,22,False
16076,0.11481178071267584,75.29470610271802,142.52926489168948,Greiz,22,False
16077,0.319675700266812,64.0998967916315,140.7862606156956,Altenburger Land,22,False
