district_no,year,yield,precip_total_peak_growth,temp_mean_peak_growth,heat_stress_days_peak_growth,solar_rad_peak_growth,avg_elevation,avg_soil_pawc,pflanzliche_erzeugung_lag1,zuckerrben_lag1,dngemittel_lag1,pflanzenschutzmittel_lag1,saat_und_pflanzgut_lag1,energie_und_schmierstoffe_lag1,winter_temp_anomaly,winter_precip_anomaly
01051,2018,67.25,127.0535,17.749714,3,16386463.0,4.312761096339693,60.66861105434826,93.1,96.7,94.2,99.3,96.425,101.7,-0.8317112027743292,0.11440881640232892
01051,2019,86.17,257.27298,16.926172,3,14977523.0,4.312761096339693,60.66861105434826,102.7,95.4,96.925,99.125,98.025,109.125,0.5469795237405037,-0.15788407796323878
01051,2020,81.5,191.58801,16.793993,3,15106671.0,4.312761096339693,60.66861105434826,101.9,90.0,102.65,99.1,100.5,110.55,0.8265473059314559,0.2245780109863602
01051,2021,89.82,252.6615,17.03226,0,14492836.0,4.312761096339693,60.66861105434826,100.0,100.0,100.0,100.025,100.025,100.0,-0.22307363761859733,-0.04110241584861296
01053,2018,64.67,96.13779,18.293072,10,16319521.0,40.00613405135157,48.82537288832111,93.1,96.7,94.2,99.3,96.425,101.7,-1.0518797291827013,0.11341886211115848
01053,2019,88.08,206.53331,17.122381,3,14374707.0,40.00613405135157,48.82537288832111,102.7,95.4,96.925,99.125,98.025,109.125,0.6142684273555687,-0.23070023090503478
01053,2020,75.49,172.70499,17.105925,4,14753414.0,40.00613405135157,48.82537288832111,101.9,90.0,102.65,99.1,100.5,110.55,0.9062581621238905,0.23272200433819257
01053,2021,81.98,209.7589,17.151037,0,13621645.0,40.00613405135157,48.82537288832111,100.0,100.0,100.0,100.025,100.025,100.0,-0.23469958681209846,0.016818999675501933
01054,2019,99.18,290.61267,16.745434,0,15022340.0,3.878989444346276,57.13157050524072,102.7,95.4,96.925,99.125,98.025,109.125,0.5637052220055807,-0.16599835372372296
01054,2020,88.57,213.30498,16.65996,0,15279665.0,3.878989444346276,57.13157050524072,101.9,90.0,102.65,99.1,100.5,110.55,0.8462970532150962,0.3166587552747049
01054,2021,93.31,256.65134,16.923311,0,14724028.0,3.878989444346276,57.13157050524072,100.0,100.0,100.0,100.025,100.025,100.0,-0.12391997538520627,-0.09085921103293748
01058,2018,74.42,118.95138,17.634565,5,16094589.0,18.6739993731766,53.52441928771236,93.1,96.7,94.2,99.3,96.425,101.7,-0.9526663309852665,0.11035601205705836
01058,2019,83.81,234.00311,16.58614,2,14502322.0,18.6739993731766,53.52441928771236,102.7,95.4,96.925,99.125,98.025,109.125,0.5754004511302355,-0.20980711549782038
01058,2020,81.04,171.45691,16.506718,0,14778614.0,18.6739993731766,53.52441928771236,101.9,90.0,102.65,99.1,100.5,110.55,0.8589180454562779,0.2691202419517791
01058,2021,81.67,236.9962,16.814352,0,14044374.0,18.6739993731766,53.52441928771236,100.0,100.0,100.0,100.025,100.025,100.0,-0.1876093481961334,-0.04872323646982524
01059,2018,76.15,133.82068,17.379166,2,16100814.0,21.813499268367053,51.94983958903685,93.1,96.7,94.2,99.3,96.425,101.7,-0.8981082599816546,0.06594759887482526
01059,2019,83.37,262.75266,16.42672,0,14565299.0,21.813499268367053,51.94983958903685,102.7,95.4,96.925,99.125,98.025,109.125,0.591950564851345,-0.18752330887670532
01059,2020,83.2,180.57063,16.308022,0,14849913.0,21.813499268367053,51.94983958903685,101.9,90.0,102.65,99.1,100.5,110.55,0.8812571328820127,0.3133632143770264
01059,2021,81.92,240.12599,16.675528,0,14188758.0,21.813499268367053,51.94983958903685,100.0,100.0,100.0,100.025,100.025,100.0,-0.23799343645424642,-0.10419780213917063
01060,2018,57.12,103.40789,17.92072,9,16029863.0,34.30699266787498,50.82564035364499,93.1,96.7,94.2,99.3,96.425,101.7,-0.9943169632297781,0.11316764578519733
01060,2019,87.71,222.24788,16.811007,3,14299665.0,34.30699266787498,50.82564035364499,102.7,95.4,96.925,99.125,98.025,109.125,0.5846732274106898,-0.2095070254176763
01060,2020,76.03,167.74579,16.772795,5,14653286.0,34.30699266787498,50.82564035364499,101.9,90.0,102.65,99.1,100.5,110.55,0.8637316477198169,0.2227336157613422
01060,2021,82.84,230.36739,16.96342,0,13734829.0,34.30699266787498,50.82564035364499,100.0,100.0,100.0,100.025,100.025,100.0,-0.1831745191136065,0.005694494987522392
01061,2018,65.86,111.71308,17.858156,7,16091189.0,8.498057820216552,61.49693127291663,93.1,96.7,94.2,99.3,96.425,101.7,-0.9180877457518477,0.10616714775063496
01061,2019,82.63,231.1923,16.875362,3,14556946.0,8.498057820216552,61.49693127291663,102.7,95.4,96.925,99.125,98.025,109.125,0.552806092422145,-0.19352230163686746
01061,2020,79.2,176.44615,16.822771,7,14727829.0,8.498057820216552,61.49693127291663,101.9,90.0,102.65,99.1,100.5,110.55,0.8250167117805063,0.2509128548249404
01061,2021,76.46,244.44383,17.01466,0,14001810.0,8.498057820216552,61.49693127291663,100.0,100.0,100.0,100.025,100.025,100.0,-0.19239714305217603,-0.021035057627324383
03101,2018,69.5,98.136665,19.130045,12,17130384.0,79.36886014887196,46.774093627551125,93.1,96.7,94.2,99.3,96.425,101.7,-0.8931036569464936,0.05482218531959315
03101,2019,72.34,144.08665,17.990467,9,15128691.0,79.36886014887196,46.774093627551125,102.7,95.4,96.925,99.125,98.025,109.125,0.46994479254766475,-0.17701913204615272
03101,2020,72.26,179.58334,17.839859,5,15071155.0,79.36886014887196,46.774093627551125,101.9,90.0,102.65,99.1,100.5,110.55,0.8401645253395031,0.1321124189271241
03101,2021,77.36,202.65668,17.343088,0,13596580.0,79.36886014887196,46.774093627551125,100.0,100.0,100.0,100.025,100.025,100.0,-0.27507956634781294,-0.028708303634024546
03102,2018,65.23,105.225,19.07748,12,17267506.0,117.4934737513266,52.202526218022896,93.1,96.7,94.2,99.3,96.425,101.7,-0.9348542254150516,0.03268163919027467
03102,2019,77.05,151.57999,17.950722,9,15232918.0,117.4934737513266,52.202526218022896,102.7,95.4,96.925,99.125,98.025,109.125,0.40777198676568105,-0.08721099228743678
03102,2020,80.29,193.005,17.837185,5,15149956.0,117.4934737513266,52.202526218022896,101.9,90.0,102.65,99.1,100.5,110.55,0.8821092325758286,0.10667211579597269
03102,2021,90.78,230.805,17.297213,0,13714271.0,117.4934737513266,52.202526218022896,100.0,100.0,100.0,100.025,100.025,100.0,-0.23949625692017662,-0.02158494427127222
03103,2018,44.63,93.85,19.218538,12,17042336.0,82.63539670359086,43.88645822268728,93.1,96.7,94.2,99.3,96.425,101.7,-0.8879672523950717,0.05113051989060713
03103,2020,74.78,180.39,17.909199,5,15027343.0,82.63539670359086,43.88645822268728,102.7,95.4,96.925,99.125,98.025,109.125,0.8539458317662252,0.12526427018398678
03151,2018,75.15,98.215004,19.136011,12,16880180.0,73.6892495743334,42.563852771214265,93.1,96.7,94.2,99.3,96.425,101.7,-0.8918865008382113,0.06855000482547835
03151,2019,74.67,167.38182,17.967564,9,14868786.0,73.6892495743334,42.563852771214265,102.7,95.4,96.925,99.125,98.025,109.125,0.5560156627911965,-0.23834953335736886
03151,2020,77.81,185.77637,17.794249,6,14820814.0,73.6892495743334,42.563852771214265,101.9,90.0,102.65,99.1,100.5,110.55,0.8490759067810245,0.1684845875599461
03151,2021,80.22,194.92955,17.436302,0,13361773.0,73.6892495743334,42.563852771214265,100.0,100.0,100.0,100.025,100.025,100.0,-0.3182980721365425,-0.04279718965290735
03153,2018,63.27,110.627495,17.292974,2,17169810.0,387.65537837221,68.64159594833163,93.1,96.7,94.2,99.3,96.425,101.7,-1.0293879814171305,0.02776396397372527
03153,2019,79.57,167.03334,16.0621,2,15139928.0,387.65537837221,68.64159594833163,102.7,95.4,96.925,99.125,98.025,109.125,0.3861362491784348,-0.052630111950916936
03153,2020,79.79,207.82501,16.062916,2,14997075.0,387.65537837221,68.64159594833163,101.9,90.0,102.65,99.1,100.5,110.55,0.9464367968968759,0.09391995519615048
03153,2021,85.36,260.13004,15.399467,0,13576121.0,387.65537837221,68.64159594833163,100.0,100.0,100.0,100.025,100.025,100.0,-0.2561152157292099,-0.03241510067692299
03154,2018,53.7,84.06375,19.077482,12,17178296.0,120.71246267567484,47.3940791687049,93.1,96.7,94.2,99.3,96.425,101.7,-0.8634870189173967,0.06378683990378242
03154,2019,68.84,147.41626,17.858456,9,15293446.0,120.71246267567484,47.3940791687049,102.7,95.4,96.925,99.125,98.025,109.125,0.487621196460168,-0.2008508612190706
03154,2020,69.86,174.54874,17.77447,5,15217455.0,120.71246267567484,47.3940791687049,101.9,90.0,102.65,99.1,100.5,110.55,0.899334356342365,0.09939287385997142
03154,2021,76.06,197.58624,17.226381,0,13657848.0,120.71246267567484,47.3940791687049,100.0,100.0,100.0,100.025,100.025,100.0,-0.31262028548110266,-0.013769149476635878
03155,2018,83.05,115.90235,18.250153,9,17409952.0,231.4685232956745,58.19983547821087,93.1,96.7,94.2,99.3,96.425,101.7,-0.8540280464210355,0.04873529957553546
03155,2019,81.1,164.82704,16.95048,4,15158694.0,231.4685232956745,58.19983547821087,102.7,95.4,96.925,99.125,98.025,109.125,0.3941412985306556,-0.0899554952804743
03155,2020,88.53,203.95412,16.910269,2,15023238.0,231.4685232956745,58.19983547821087,101.9,90.0,102.65,99.1,100.5,110.55,0.7053372656772012,0.1493508159292718
03155,2021,85.12,250.49939,16.34048,0,13664557.0,231.4685232956745,58.19983547821087,100.0,100.0,100.0,100.025,100.025,100.0,-0.3356571108065509,0.01571595641427659
03157,2018,69.87,103.32286,19.157343,12,17155536.0,73.38944065927016,45.43448187787549,93.1,96.7,94.2,99.3,96.425,101.7,-0.8926017280412566,0.05152031722104722
03157,2019,69.48,146.12715,18.085793,9,15113266.0,73.38944065927016,45.43448187787549,102.7,95.4,96.925,99.125,98.025,109.125,0.46363218071826395,-0.17843615554412562
03157,2020,79.48,178.73001,17.912767,5,15049345.0,73.38944065927016,45.43448187787549,101.9,90.0,102.65,99.1,100.5,110.55,0.8297446089714526,0.14874974460718748
03157,2021,81.71,205.17714,17.423786,0,13645038.0,73.38944065927016,45.43448187787549,100.0,100.0,100.0,100.025,100.025,100.0,-0.2670276507136009,-0.022876983021405173
03158,2018,63.9,102.60728,18.937078,12,17305284.0,130.02412529590924,49.33051719467714,93.1,96.7,94.2,99.3,96.425,101.7,-0.9186733510529734,0.021357281159990915
03158,2019,77.95,154.05182,17.77711,9,15329231.0,130.02412529590924,49.33051719467714,102.7,95.4,96.925,99.125,98.025,109.125,0.4019661343373855,-0.09909338153174807
03158,2020,74.97,194.0091,17.68932,5,15232778.0,130.02412529590924,49.33051719467714,101.9,90.0,102.65,99.1,100.5,110.55,0.8787573097134214,0.11004843792340302
03158,2021,81.17,230.54182,17.12999,0,13754880.0,130.02412529590924,49.33051719467714,100.0,100.0,100.0,100.025,100.025,100.0,-0.25839040934829427,0.0018244754353538006
03241,2018,74.81,114.14903,18.9071,12,16978368.0,65.35178068571408,44.86763110898455,93.1,96.7,94.2,99.3,96.425,101.7,-0.8644410590895859,0.01120905423955798
03241,2019,74.78,162.20451,18.020483,9,14925418.0,65.35178068571408,44.86763110898455,102.7,95.4,96.925,99.125,98.025,109.125,0.4465884732893528,-0.18706516613494417
03241,2020,82.52,182.18709,17.794092,6,14820319.0,65.35178068571408,44.86763110898455,101.9,90.0,102.65,99.1,100.5,110.55,0.7951854449605094,0.2049052882629665
03241,2021,84.76,215.1984,17.345615,0,13614266.0,65.35178068571408,44.86763110898455,100.0,100.0,100.0,100.025,100.025,100.0,-0.25047139525293005,-0.005133255278637394
03251,2018,53.63,100.83963,18.604012,11,16547812.0,37.82531227909938,50.47574318137497,93.1,96.7,94.2,99.3,96.425,101.7,-0.9093919129257415,-0.05345105445785281
03251,2019,62.66,200.88,17.700487,8,14622417.0,37.82531227909938,50.47574318137497,102.7,95.4,96.925,99.125,98.025,109.125,0.43488586564620846,-0.20512308093003806
03251,2020,77.31,196.90517,17.456343,7,14363905.0,37.82531227909938,50.47574318137497,101.9,90.0,102.65,99.1,100.5,110.55,0.7264235345225529,0.24162421058451966
03251,2021,81.42,232.92517,17.229515,0,13647034.0,37.82531227909938,50.47574318137497,100.0,100.0,100.0,100.025,100.025,100.0,-0.2401135714868019,-0.0026470583561016836
03252,2018,78.89,135.20091,18.26215,8,17239142.0,168.64624754132518,59.42615305944366,93.1,96.7,94.2,99.3,96.425,101.7,-0.8601384413199185,-0.0026537569300451036
03252,2019,83.27,171.57092,17.332008,7,15060255.0,168.64624754132518,59.42615305944366,102.7,95.4,96.925,99.125,98.025,109.125,0.3993080823080959,-0.11859484742478754
03252,2020,88.27,204.00272,17.152218,2,14911296.0,168.64624754132518,59.42615305944366,101.9,90.0,102.65,99.1,100.5,110.55,0.7157523615278478,0.18648346425656537
03252,2021,86.29,256.68002,16.63136,0,13753277.0,168.64624754132518,59.42615305944366,100.0,100.0,100.0,100.025,100.025,100.0,-0.21919177659941624,0.026097192854473095
03254,2018,71.17,114.610664,18.582714,10,17324002.0,145.42201172754338,54.37337369926457,93.1,96.7,94.2,99.3,96.425,101.7,-0.8815136891828388,0.040064334267730706
03254,2019,77.85,154.09267,17.47395,9,15154226.0,145.42201172754338,54.37337369926457,102.7,95.4,96.925,99.125,98.025,109.125,0.4186246563276086,-0.11126640599902504
03254,2020,83.99,192.98334,17.307262,2,15060927.0,145.42201172754338,54.37337369926457,101.9,90.0,102.65,99.1,100.5,110.55,0.7806171716003973,0.1526361110178538
03254,2021,86.11,236.38266,16.807877,0,13757799.0,145.42201172754338,54.37337369926457,100.0,100.0,100.0,100.025,100.025,100.0,-0.2559949861657742,0.00850520287490708
03255,2018,65.97,132.78,18.160149,9,17276632.0,244.77205326208195,66.78746385962387,93.1,96.7,94.2,99.3,96.425,101.7,-0.8645809139368339,0.013595343174093166
03255,2019,80.49,167.84998,17.054688,5,15045382.0,244.77205326208195,66.78746385962387,102.7,95.4,96.925,99.125,98.025,109.125,0.40360824152884334,-0.13524217029987717
03255,2020,87.83,210.47556,16.903654,2,14912426.0,244.77205326208195,66.78746385962387,101.9,90.0,102.65,99.1,100.5,110.55,0.7220844637355981,0.19223476346989798
03255,2021,83.03,258.93222,16.396511,0,13659712.0,244.77205326208195,66.78746385962387,100.0,100.0,100.0,100.025,100.025,100.0,-0.2878656414699208,0.03160758415018461
03256,2018,69.71,105.71944,18.805254,11,16710044.0,36.69954350209412,45.6912156632667,93.1,96.7,94.2,99.3,96.425,101.7,-0.8900372613339869,-0.043925425521255224
03256,2019,71.95,187.36833,17.951899,8,14683693.0,36.69954350209412,45.6912156632667,102.7,95.4,96.925,99.125,98.025,109.125,0.4373125179207591,-0.20522471137422693
03256,2020,77.37,189.63002,17.70244,7,14507581.0,36.69954350209412,45.6912156632667,101.9,90.0,102.65,99.1,100.5,110.55,0.7662620136100031,0.24657472194498564
03256,2021,83.89,219.55275,17.355438,0,13575263.0,36.69954350209412,45.6912156632667,100.0,100.0,100.0,100.025,100.025,100.0,-0.24005334226984587,-0.003466531725550448
03257,2018,72.22,120.98499,18.636616,10,17063628.0,110.06650836686582,54.52129291862677,93.1,96.7,94.2,99.3,96.425,101.7,-0.8976610732851213,0.0011384310659678931
03257,2019,75.62,173.10399,17.796331,8,14935939.0,110.06650836686582,54.52129291862677,102.7,95.4,96.925,99.125,98.025,109.125,0.4177369182016264,-0.16499476190914308
03257,2020,85.25,190.479,17.528894,5,14762026.0,110.06650836686582,54.52129291862677,101.9,90.0,102.65,99.1,100.5,110.55,0.7706588447551326,0.2122620506455093
03257,2021,83.77,225.90703,17.059004,0,13753653.0,110.06650836686582,54.52129291862677,100.0,100.0,100.0,100.025,100.025,100.0,-0.24300793729179304,0.005954573590722045
03351,2018,69.04,103.2655,18.90065,14,16591691.0,63.23971096729696,45.982047716891806,93.1,96.7,94.2,99.3,96.425,101.7,-0.8889448308123633,0.043362711021580846
03351,2019,65.67,175.64899,17.828472,9,14650579.0,63.23971096729696,45.982047716891806,102.7,95.4,96.925,99.125,98.025,109.125,0.5459417935238662,-0.2450786206126937
03351,2020,74.43,187.975,17.643023,6,14570336.0,63.23971096729696,45.982047716891806,101.9,90.0,102.65,99.1,100.5,110.55,0.813887038410769,0.20603229787876276
03351,2021,77.86,205.612,17.334488,0,13209849.0,63.23971096729696,45.982047716891806,100.0,100.0,100.0,100.025,100.025,100.0,-0.2899650878010789,-0.04380132341362364
03353,2018,65.77,93.78369,18.334238,10,16175608.0,47.83834153611925,52.692365997490334,93.1,96.7,94.2,99.3,96.425,101.7,-1.006068610173486,0.02290959037696827
03353,2019,68.87,207.13263,17.220142,6,14438346.0,47.83834153611925,52.692365997490334,102.7,95.4,96.925,99.125,98.025,109.125,0.6105509255291963,-0.22547374768207507
03353,2020,76.9,181.62317,17.1389,7,14543343.0,47.83834153611925,52.692365997490334,101.9,90.0,102.65,99.1,100.5,110.55,0.8575622071306839,0.21776202371340614
03353,2021,68.08,209.02528,17.138037,0,13448191.0,47.83834153611925,52.692365997490334,100.0,100.0,100.0,100.025,100.025,100.0,-0.2139035016904245,-0.05339161974806361
03354,2018,67.42,79.80937,19.074095,12,16698017.0,39.92315427805637,43.17562863257,93.1,96.7,94.2,99.3,96.425,101.7,-0.8927920914539982,0.08081628253099904
03354,2019,73.64,193.985,17.788877,9,14517991.0,39.92315427805637,43.17562863257,102.7,95.4,96.925,99.125,98.025,109.125,0.6267374310515947,-0.2888955723169615
03354,2020,76.04,178.51564,17.707804,5,14583107.0,39.92315427805637,43.17562863257,101.9,90.0,102.65,99.1,100.5,110.55,0.8564174984213082,0.2068651478096517
03354,2021,79.16,193.91814,17.557178,0,13331694.0,39.92315427805637,43.17562863257,100.0,100.0,100.0,100.025,100.025,100.0,-0.2740153247252124,-0.032782273406872564
03355,2018,68.11,84.74944,18.713203,12,16429867.0,38.40780862308837,48.089519521973926,93.1,96.7,94.2,99.3,96.425,101.7,-0.9745032587821925,0.04793598727053605
03355,2019,76.38,202.59334,17.502949,7,14421837.0,38.40780862308837,48.089519521973926,102.7,95.4,96.925,99.125,98.025,109.125,0.6536170305225824,-0.26630640010065887
03355,2020,75.45,177.94556,17.407482,5,14598347.0,38.40780862308837,48.089519521973926,101.9,90.0,102.65,99.1,100.5,110.55,0.87351624454584,0.23289549235760743
03355,2021,77.89,192.58221,17.385769,0,13376472.0,38.40780862308837,48.089519521973926,100.0,100.0,100.0,100.025,100.025,100.0,-0.27796812196106657,-0.029983872724273275
03357,2018,50.52,101.04769,18.303785,10,16221466.0,27.1948989674917,53.57489479719908,93.1,96.7,94.2,99.3,96.425,101.7,-0.9667944237288566,-0.04658577186367663
03357,2019,71.66,216.04422,17.298883,6,14539123.0,27.1948989674917,53.57489479719908,102.7,95.4,96.925,99.125,98.025,109.125,0.5547185779537358,-0.18866032294441037
03357,2020,68.88,194.70155,17.20049,7,14450413.0,27.1948989674917,53.57489479719908,101.9,90.0,102.65,99.1,100.5,110.55,0.7799724735871223,0.20629758616418847
03357,2021,86.33,229.06577,17.149925,0,13589427.0,27.1948989674917,53.57489479719908,100.0,100.0,100.0,100.025,100.025,100.0,-0.1849682104278827,-0.04983580246367958
03358,2018,65.29,97.7944,18.581532,10,16401251.0,64.32476132692005,47.13149378999935,93.1,96.7,94.2,99.3,96.425,101.7,-0.9069635472532127,0.004069200502624604
03358,2019,68.44,193.342,17.51182,8,14541501.0,64.32476132692005,47.13149378999935,102.7,95.4,96.925,99.125,98.025,109.125,0.5867719568003622,-0.24843109888131565
03358,2020,79.94,188.34042,17.375055,7,14456608.0,64.32476132692005,47.13149378999935,101.9,90.0,102.65,99.1,100.5,110.55,0.7879491928857192,0.21957079967948823
03358,2021,76.3,218.5288,17.13233,0,13232086.0,64.32476132692005,47.13149378999935,100.0,100.0,100.0,100.025,100.025,100.0,-0.2551794787582935,-0.04217817985287042
03359,2018,70.55,103.94564,18.069891,9,16156640.0,12.13256251059729,61.57862618853422,93.1,96.7,94.2,99.3,96.425,101.7,-0.9597327142623726,0.04240274547796319
03359,2020,72.52,192.53438,17.02062,7,14621379.0,12.13256251059729,61.57862618853422,102.7,95.4,96.925,99.125,98.025,109.125,0.80190226406188,0.23143037283910384
03359,2021,70.71,234.91064,17.093616,0,13865551.0,12.13256251059729,61.57862618853422,100.0,100.0,100.0,100.025,100.025,100.0,-0.1926620309328655,-0.03153537977340215
03360,2018,74.95,86.76556,18.778963,12,16591469.0,71.241791440513,46.17268689394237,93.1,96.7,94.2,99.3,96.425,101.7,-0.9017700383232636,0.05278278680453519
03360,2019,68.97,193.1689,17.60585,9,14565293.0,71.241791440513,46.17268689394237,102.7,95.4,96.925,99.125,98.025,109.125,0.6219141512320334,-0.2892262008654781
03360,2020,73.71,186.24557,17.411285,6,14551780.0,71.241791440513,46.17268689394237,101.9,90.0,102.65,99.1,100.5,110.55,0.8508647598904417,0.22536932962459888
03360,2021,74.18,192.08224,17.260714,0,13225910.0,71.241791440513,46.17268689394237,100.0,100.0,100.0,100.025,100.025,100.0,-0.30562404491843154,-0.03670662917095924
03361,2018,62.93,99.51801,18.570826,10,16424051.0,20.634482190791463,51.58528505388986,93.1,96.7,94.2,99.3,96.425,101.7,-0.9022290745292594,-0.059198009327256385
03361,2019,66.48,202.764,17.65301,8,14531627.0,20.634482190791463,51.58528505388986,102.7,95.4,96.925,99.125,98.025,109.125,0.49915542633954146,-0.20812573935555634
03361,2020,83.17,188.88602,17.42895,7,14396177.0,20.634482190791463,51.58528505388986,101.9,90.0,102.65,99.1,100.5,110.55,0.7760221038843724,0.2219889744655743
03361,2021,87.29,235.34398,17.254505,0,13465715.0,20.634482190791463,51.58528505388986,100.0,100.0,100.0,100.025,100.025,100.0,-0.24352824486931013,-0.02045502253293663
03453,2021,76.41,266.204,17.187136,0,13883214.0,23.37155096682817,53.732832910953526,93.1,96.7,94.2,99.3,96.425,101.7,-0.1911176153656129,0.02747298804050935
03454,2019,60.68,210.51675,17.537304,7,14845139.0,21.883429345484306,56.02737782782792,102.7,95.4,96.925,99.125,98.025,109.125,0.4240562428285557,-0.17098642165657196
03454,2020,68.08,218.2905,17.236814,6,14137267.0,21.883429345484306,56.02737782782792,101.9,90.0,102.65,99.1,100.5,110.55,0.6041698087850023,0.1981120967656782
03454,2021,74.27,261.2325,17.085072,0,13987855.0,21.883429345484306,56.02737782782792,100.0,100.0,100.0,100.025,100.025,100.0,-0.2507783373528696,0.05441270683957944
03459,2018,74.87,108.491196,18.66738,11,16699275.0,74.81949659993606,51.725908423046015,93.1,96.7,94.2,99.3,96.425,101.7,-0.8898641303682098,-0.026947554365683857
03459,2019,87.25,206.962,17.683931,7,14937554.0,74.81949659993606,51.725908423046015,102.7,95.4,96.925,99.125,98.025,109.125,0.38455995914000596,-0.16959012752832414
03459,2020,83.5,196.8384,17.486021,7,14363834.0,74.81949659993606,51.725908423046015,101.9,90.0,102.65,99.1,100.5,110.55,0.5853541460449492,0.21999148492356646
03459,2021,79.08,254.794,17.071226,0,13870780.0,74.81949659993606,51.725908423046015,100.0,100.0,100.0,100.025,100.025,100.0,-0.22786583605864053,0.06741589057790054
05116,2019,81.48,197.06003,18.07935,6,15803306.0,67.46764971525674,41.93910841738373,102.7,95.4,96.925,99.125,98.025,109.125,0.24875529512524963,-0.15548364352768806
05116,2020,80.65,161.19,18.475744,11,15132314.0,67.46764971525674,41.93910841738373,101.9,90.0,102.65,99.1,100.5,110.55,0.43000512228798016,0.30243482095341356
05116,2021,83.61,323.25,17.186462,0,14266618.0,67.46764971525674,41.93910841738373,100.0,100.0,100.0,100.025,100.025,100.0,-0.09785661582083094,0.05120784169943304
05154,2018,66.15,116.459236,18.976862,9,17135412.0,25.55769146043866,43.19994338091747,93.1,96.7,94.2,99.3,96.425,101.7,-0.7546862610857374,-0.012687773909070277
05154,2019,75.28,209.67462,17.958036,6,15600818.0,25.55769146043866,43.19994338091747,102.7,95.4,96.925,99.125,98.025,109.125,0.20934685730617275,-0.19202770833109684
05154,2020,74.25,187.75768,18.030188,10,14924093.0,25.55769146043866,43.19994338091747,101.9,90.0,102.65,99.1,100.5,110.55,0.47364369023358677,0.22826210862571927
05154,2021,84.71,259.63,17.328062,0,14200711.0,25.55769146043866,43.19994338091747,100.0,100.0,100.0,100.025,100.025,100.0,-0.18821497176395496,0.08958594446515411
05162,2018,69.39,120.41,19.487045,10,17286078.0,52.37456553622641,42.423848760014735,93.1,96.7,94.2,99.3,96.425,101.7,-0.7635609111670192,-0.05205709470285447
05162,2019,79.62,199.13998,18.2511,7,15687651.0,52.37456553622641,42.423848760014735,102.7,95.4,96.925,99.125,98.025,109.125,0.2648960051784002,-0.15617718479332465
05162,2020,78.8,161.71,18.67703,11,15033988.0,52.37456553622641,42.423848760014735,101.9,90.0,102.65,99.1,100.5,110.55,0.4346835498332098,0.3088871287366375
05162,2021,93.15,337.455,17.355919,0,14164604.0,52.37456553622641,42.423848760014735,100.0,100.0,100.0,100.025,100.025,100.0,-0.10112699901958422,0.04793801979587897
05166,2018,71.28,119.53286,19.221106,10,17224138.0,48.98895390569765,41.116174446336814,93.1,96.7,94.2,99.3,96.425,101.7,-0.7509415518447327,-0.04434518834256751
05166,2019,71.3,204.1857,18.117481,6,15757582.0,48.98895390569765,41.116174446336814,102.7,95.4,96.925,99.125,98.025,109.125,0.22750153734733658,-0.15570759563764147
05166,2021,85.62,300.85855,17.269472,0,14241611.0,48.98895390569765,41.116174446336814,101.9,90.0,102.65,99.1,100.5,110.55,-0.09968701913271616,0.05152727413918501
05170,2018,43.37,116.42399,19.172474,10,17140488.0,31.455906099143768,42.85644848180261,93.1,96.7,94.2,99.3,96.425,101.7,-0.7464986690959563,-0.028843737582071594
05170,2019,68.89,198.14401,18.09738,6,15521686.0,31.455906099143768,42.85644848180261,102.7,95.4,96.925,99.125,98.025,109.125,0.24028706942675626,-0.1872992127607248
05334,2018,72.23,138.12366,18.000092,6,17316116.0,307.8268428732844,66.01130205590341,93.1,96.7,94.2,99.3,96.425,101.7,-0.9132337882958836,-0.024296751917555537
05334,2019,85.63,210.14545,16.973272,5,16096698.0,307.8268428732844,66.01130205590341,102.7,95.4,96.925,99.125,98.025,109.125,0.31695310826597733,-0.04904716238609874
05334,2020,92.29,174.37183,17.504908,8,15271339.0,307.8268428732844,66.01130205590341,101.9,90.0,102.65,99.1,100.5,110.55,0.49607490006616217,0.2543186738299268
05334,2021,86.27,379.47815,16.001118,0,14329106.0,307.8268428732844,66.01130205590341,100.0,100.0,100.0,100.025,100.025,100.0,-0.004360926130857479,0.044908635814585374
05358,2018,57.25,119.95545,19.185797,10,17488698.0,172.0221120671608,51.23521929115644,93.1,96.7,94.2,99.3,96.425,101.7,-0.7929417446705429,-0.04929196324525198
05358,2019,76.73,198.9909,18.120413,7,16139635.0,172.0221120671608,51.23521929115644,102.7,95.4,96.925,99.125,98.025,109.125,0.26507026706093484,-0.12710758809649436
05358,2020,72.21,154.07364,18.644842,12,15380758.0,172.0221120671608,51.23521929115644,101.9,90.0,102.65,99.1,100.5,110.55,0.43918256242915277,0.28567846659458107
05358,2021,84.88,359.58365,17.01689,0,14492280.0,172.0221120671608,51.23521929115644,100.0,100.0,100.0,100.025,100.025,100.0,-0.05880843964558835,0.06886541833831727
05362,2018,68.01,117.66818,19.621487,12,17457516.0,87.39634517987913,46.73351601428842,93.1,96.7,94.2,99.3,96.425,101.7,-0.7694965083225611,-0.039794435157017305
05362,2019,77.53,198.01912,18.42121,7,15951730.0,87.39634517987913,46.73351601428842,102.7,95.4,96.925,99.125,98.025,109.125,0.28891418665057245,-0.13332893691596792
05362,2020,88.88,148.33545,18.97721,13,15249814.0,87.39634517987913,46.73351601428842,101.9,90.0,102.65,99.1,100.5,110.55,0.4404198580375578,0.3061448663336097
05362,2021,93.86,369.12366,17.28941,0,14371981.0,87.39634517987913,46.73351601428842,100.0,100.0,100.0,100.025,100.025,100.0,-0.07884401895216797,0.06313963588876481
05366,2018,50.66,135.54706,17.461517,5,17756034.0,400.8587965279651,62.31806896521423,93.1,96.7,94.2,99.3,96.425,101.7,-0.8841387621989725,-0.034169706332007
05366,2019,65.94,224.19528,16.454956,4,16580191.0,400.8587965279651,62.31806896521423,102.7,95.4,96.925,99.125,98.025,109.125,0.317656273221246,-0.09416423097238324
05366,2020,64.62,179.72176,17.023085,5,15684077.0,400.8587965279651,62.31806896521423,101.9,90.0,102.65,99.1,100.5,110.55,0.4885819413256627,0.2630961509089671
05366,2021,79.5,391.06354,15.464084,0,14724519.0,400.8587965279651,62.31806896521423,100.0,100.0,100.0,100.025,100.025,100.0,-0.056639909496709606,0.066343259427186
05370,2018,72.54,123.185,19.186296,10,17260726.0,72.57404322677954,43.13673419738953,93.1,96.7,94.2,99.3,96.425,101.7,-0.7668501343883918,-0.03821251989807739
05370,2019,75.87,199.81334,18.119019,7,15911374.0,72.57404322677954,43.13673419738953,102.7,95.4,96.925,99.125,98.025,109.125,0.23634892913634076,-0.12172216001116443
05370,2020,88.64,160.15332,18.521252,12,15181621.0,72.57404322677954,43.13673419738953,101.9,90.0,102.65,99.1,100.5,110.55,0.42944481705097814,0.2769994637636801
05370,2021,84.49,314.3883,17.18919,0,14301436.0,72.57404322677954,43.13673419738953,100.0,100.0,100.0,100.025,100.025,100.0,-0.06319009936919429,0.050653955524446515
05382,2018,46.43,124.742004,19.119108,11,17618604.0,171.6456726666031,57.84951835677244,93.1,96.7,94.2,99.3,96.425,101.7,-0.7753497089286725,-0.033066747000292995
05382,2019,65.63,215.614,17.869516,6,16116298.0,171.6456726666031,57.84951835677244,102.7,95.4,96.925,99.125,98.025,109.125,0.32622101197966913,-0.1044798963015191
05382,2020,56.73,163.00867,18.383533,8,15329582.0,171.6456726666031,57.84951835677244,101.9,90.0,102.65,99.1,100.5,110.55,0.4945458573796486,0.2785471770630794
05382,2021,90.45,371.274,16.789198,0,14423388.0,171.6456726666031,57.84951835677244,100.0,100.0,100.0,100.025,100.025,100.0,-0.12675115197168907,0.015938190715595324
05554,2018,48.1,114.861176,18.903593,10,16997018.0,52.380458202545015,41.98573116093186,93.1,96.7,94.2,99.3,96.425,101.7,-0.8106246923485401,-0.015083016539140792
05554,2019,47.62,205.81235,17.823488,7,15379574.0,52.380458202545015,41.98573116093186,102.7,95.4,96.925,99.125,98.025,109.125,0.3075952507301736,-0.18341041145051296
05554,2020,76.94,187.02292,17.768623,10,14505245.0,52.380458202545015,41.98573116093186,101.9,90.0,102.65,99.1,100.5,110.55,0.545448178534798,0.16834910276850734
05554,2021,87.92,264.53647,17.171522,0,14005485.0,52.380458202545015,41.98573116093186,100.0,100.0,100.0,100.025,100.025,100.0,-0.23103856854066862,0.0836955745485457
05566,2019,49.93,204.1025,17.816452,11,15108657.0,60.48607477092469,47.07922651899528,93.1,96.7,94.2,99.3,96.425,101.7,0.36566727619214134,-0.18138619760919594
05754,2020,63.58,198.65666,17.703562,6,14659672.0,91.19454333545588,48.81886725992208,102.7,95.4,96.925,99.125,98.025,109.125,0.6048670946009906,0.17774578049489853
05754,2021,64.53,249.37132,17.05412,0,13764203.0,91.19454333545588,48.81886725992208,100.0,100.0,100.0,100.025,100.025,100.0,-0.23887575714707054,0.04623190616056405
05758,2018,78.53,121.724,18.605392,10,16983956.0,108.55503905963828,55.57771491542452,93.1,96.7,94.2,99.3,96.425,101.7,-0.889950680331367,0.008772287659718714
05758,2019,74.18,185.86401,17.655272,8,14995377.0,108.55503905963828,55.57771491542452,102.7,95.4,96.925,99.125,98.025,109.125,0.37453884234730594,-0.1653593095519007
05758,2020,94.39,199.18597,17.41465,5,14664267.0,108.55503905963828,55.57771491542452,101.9,90.0,102.65,99.1,100.5,110.55,0.6707880229087664,0.18963177762455086
05758,2021,85.55,233.01,16.887405,0,13808842.0,108.55503905963828,55.57771491542452,100.0,100.0,100.0,100.025,100.025,100.0,-0.23853677653818295,0.03716045805460766
05762,2018,63.75,136.02142,18.08066,10,17402506.0,230.2836498008996,61.2674786619333,93.1,96.7,94.2,99.3,96.425,101.7,-0.828191523181772,0.005167379664804406
05762,2019,81.5,187.16357,16.891565,4,15284794.0,230.2836498008996,61.2674786619333,102.7,95.4,96.925,99.125,98.025,109.125,0.38129308091527037,-0.10688238660128702
05762,2020,85.14,211.00713,16.908588,2,15051969.0,230.2836498008996,61.2674786619333,101.9,90.0,102.65,99.1,100.5,110.55,0.6451792835339347,0.1686723737416893
05762,2021,81.94,278.825,16.208147,0,13693767.0,230.2836498008996,61.2674786619333,100.0,100.0,100.0,100.025,100.025,100.0,-0.28702993437713076,0.045372619352851196
05766,2018,69.29,138.44937,18.227062,9,17139734.0,195.0615252904903,67.58305823046362,93.1,96.7,94.2,99.3,96.425,101.7,-0.9011519524655682,0.004184700546925102
05766,2019,78.07,177.12875,17.29018,6,15026255.0,195.0615252904903,67.58305823046362,102.7,95.4,96.925,99.125,98.025,109.125,0.3888324554384326,-0.11570511202536005
05766,2020,86.25,207.24437,17.114798,3,14779740.0,195.0615252904903,67.58305823046362,101.9,90.0,102.65,99.1,100.5,110.55,0.6723249593057972,0.162389375748635
05766,2021,84.65,261.69812,16.507326,0,13692310.0,195.0615252904903,67.58305823046362,100.0,100.0,100.0,100.025,100.025,100.0,-0.23028181727346464,0.03187805042268388
05974,2018,76.73,136.38777,18.605673,11,17169294.0,184.8455356969452,63.28052138138053,93.1,96.7,94.2,99.3,96.425,101.7,-0.9106262144348989,0.024699010657408982
05974,2019,82.92,208.51111,17.365023,5,15310367.0,184.8455356969452,63.28052138138053,102.7,95.4,96.925,99.125,98.025,109.125,0.31248687483315507,-0.011388722187362088
05974,2020,86.72,202.76889,17.413952,4,14820248.0,184.8455356969452,63.28052138138053,101.9,90.0,102.65,99.1,100.5,110.55,0.6394259290107698,0.18392084403358888
05974,2021,86.45,318.0939,16.563593,0,13773727.0,184.8455356969452,63.28052138138053,100.0,100.0,100.0,100.025,100.025,100.0,-0.23786435799269157,0.01056192643532916
06432,2018,57.0,97.137505,20.346949,15,18144784.0,189.481084601446,51.88960179488917,93.1,96.7,94.2,99.3,96.425,101.7,-0.6596623413727798,0.14433855581382993
06432,2019,81.78,182.05122,19.159182,10,17479568.0,189.481084601446,51.88960179488917,102.7,95.4,96.925,99.125,98.025,109.125,0.40232772789647697,-0.15239775375368259
06432,2020,71.79,117.69499,19.726154,11,16817584.0,189.481084601446,51.88960179488917,101.9,90.0,102.65,99.1,100.5,110.55,0.6240460286070402,0.17894238685602049
06432,2021,80.09,213.63374,17.83042,0,15021759.0,189.481084601446,51.88960179488917,100.0,100.0,100.0,100.025,100.025,100.0,-0.36010922541191803,0.017487899747068214
06433,2018,70.7,86.652,20.878372,23,18095982.0,92.4125293783346,43.40426238206409,93.1,96.7,94.2,99.3,96.425,101.7,-0.601752493782783,0.16544834271299846
06433,2019,80.37,161.10002,19.79392,14,17416948.0,92.4125293783346,43.40426238206409,102.7,95.4,96.925,99.125,98.025,109.125,0.4226591325619893,-0.23642422045951528
06433,2020,71.53,101.450005,20.283184,17,16664856.0,92.4125293783346,43.40426238206409,101.9,90.0,102.65,99.1,100.5,110.55,0.5799583443553615,0.19360189698333108
06433,2021,83.38,212.12802,18.2991,1,14904552.0,92.4125293783346,43.40426238206409,100.0,100.0,100.0,100.025,100.025,100.0,-0.3693079333798437,0.07421944520286639
06434,2018,61.64,96.636665,19.052423,10,17996252.0,376.41009902321633,58.18841328380765,93.1,96.7,94.2,99.3,96.425,101.7,-0.7002398774467338,0.07201214472613504
06434,2019,82.43,161.09166,17.964035,6,17093972.0,376.41009902321633,58.18841328380765,102.7,95.4,96.925,99.125,98.025,109.125,0.42199582534919955,-0.1912568503840627
06434,2020,74.93,123.51834,18.396383,6,16291218.0,376.41009902321633,58.18841328380765,101.9,90.0,102.65,99.1,100.5,110.55,0.5789979603192705,0.20665457033135093
06434,2021,92.38,257.06165,16.512676,0,14647409.0,376.41009902321633,58.18841328380765,100.0,100.0,100.0,100.025,100.025,100.0,-0.352065333727694,0.11009636101980713
06435,2018,65.02,106.55333,18.940659,10,17939328.0,286.82231562732915,55.338006038509,93.1,96.7,94.2,99.3,96.425,101.7,-0.6869220766901094,0.06879071508028267
06435,2019,81.35,181.5872,17.713602,4,16931618.0,286.82231562732915,55.338006038509,102.7,95.4,96.925,99.125,98.025,109.125,0.4315288628771441,-0.11597274503218336
06440,2018,65.62,99.292854,19.400011,13,18067522.0,218.2592393984248,50.50510330848203,93.1,96.7,94.2,99.3,96.425,101.7,-0.6854580643477561,0.056650988812141145
06440,2019,83.38,158.81502,18.35512,8,16983532.0,218.2592393984248,50.50510330848203,102.7,95.4,96.925,99.125,98.025,109.125,0.4125841610430143,-0.14884322293693442
06440,2020,72.83,122.11214,18.752966,8,16331311.0,218.2592393984248,50.50510330848203,101.9,90.0,102.65,99.1,100.5,110.55,0.6397543088569364,0.2103708757554359
06440,2021,93.0,246.22215,17.050816,0,14723630.0,218.2592393984248,50.50510330848203,100.0,100.0,100.0,100.025,100.025,100.0,-0.39747967210087154,0.06330150247915944
06531,2018,64.29,105.328,19.033236,12,18142694.0,240.53761859489617,50.47837629224309,93.1,96.7,94.2,99.3,96.425,101.7,-0.7279827080391215,0.049709188770555635
06531,2019,81.57,140.44801,18.023687,8,16803772.0,240.53761859489617,50.47837629224309,102.7,95.4,96.925,99.125,98.025,109.125,0.4051605931601898,-0.2023535319541906
06531,2020,75.22,120.532,18.279036,6,16120708.0,240.53761859489617,50.47837629224309,101.9,90.0,102.65,99.1,100.5,110.55,0.6079658545342568,0.22938643485806987
06531,2021,86.67,273.93604,16.760532,0,14686495.0,240.53761859489617,50.47837629224309,100.0,100.0,100.0,100.025,100.025,100.0,-0.40377189346929754,0.11812555722959428
06535,2018,63.28,113.17,18.337116,9,18030810.0,381.61814459518007,56.02250347734993,93.1,96.7,94.2,99.3,96.425,101.7,-0.8725864207578979,0.04768769716917043
06535,2019,75.02,164.68527,17.049324,4,16601724.0,381.61814459518007,56.02250347734993,102.7,95.4,96.925,99.125,98.025,109.125,0.42514099518427884,-0.1287370058741878
06535,2021,82.1,277.9521,15.990295,0,14521870.0,381.61814459518007,56.02250347734993,101.9,90.0,102.65,99.1,100.5,110.55,-0.44655413851347703,0.03885675647803222
06633,2018,69.18,124.52375,18.124401,10,17666172.0,283.1839426580986,55.48021563816635,93.1,96.7,94.2,99.3,96.425,101.7,-0.7969448832848229,0.019710089641350015
06633,2019,81.45,178.26498,16.7402,4,15601116.0,283.1839426580986,55.48021563816635,102.7,95.4,96.925,99.125,98.025,109.125,0.35064757901176336,-0.13433800274654117
06633,2020,81.2,195.16814,16.908607,2,15342667.0,283.1839426580986,55.48021563816635,101.9,90.0,102.65,99.1,100.5,110.55,0.6386923342475939,0.1979573739323699
06633,2021,82.29,249.60251,16.111073,0,13881626.0,283.1839426580986,55.48021563816635,100.0,100.0,100.0,100.025,100.025,100.0,-0.37622042671165445,0.09113468705684546
06634,2018,66.84,119.170555,18.299704,11,17865252.0,302.2606762770996,50.86215178289449,93.1,96.7,94.2,99.3,96.425,101.7,-0.7702368875827119,0.07501869964424146
06634,2019,78.98,166.11612,16.908596,4,16063343.0,302.2606762770996,50.86215178289449,102.7,95.4,96.925,99.125,98.025,109.125,0.399569459815325,-0.1537513004083021
06634,2020,79.7,160.26613,17.219019,3,15667339.0,302.2606762770996,50.86215178289449,101.9,90.0,102.65,99.1,100.5,110.55,0.6407295333540901,0.18798583647785638
06634,2021,81.63,256.1111,16.122625,0,14167345.0,302.2606762770996,50.86215178289449,100.0,100.0,100.0,100.025,100.025,100.0,-0.4223945033901373,0.0563743645541801
06636,2018,45.56,115.64933,18.177244,10,17786416.0,329.5856077347513,57.24082814403981,93.1,96.7,94.2,99.3,96.425,101.7,-0.7427568594269474,0.06625346247262875
06636,2019,74.28,166.126,16.633533,3,15713475.0,329.5856077347513,57.24082814403981,102.7,95.4,96.925,99.125,98.025,109.125,0.44583882020918963,-0.10614132679846011
06636,2020,68.96,186.22533,16.914581,3,15486968.0,329.5856077347513,57.24082814403981,101.9,90.0,102.65,99.1,100.5,110.55,0.7142197398683265,0.13963655527941166
06636,2021,77.11,244.58,15.996941,0,13928499.0,329.5856077347513,57.24082814403981,100.0,100.0,100.0,100.025,100.025,100.0,-0.3682202575192832,0.008448824831245538
07133,2019,84.04,171.92093,18.042448,6,17705350.0,296.724437063036,51.07921936344532,102.7,95.4,96.925,99.125,98.025,109.125,0.30858501061374,-0.1998724840123539
07137,2018,59.55,108.75834,18.519943,11,17954062.0,275.56174301379946,52.56413776581187,93.1,96.7,94.2,99.3,96.425,101.7,-0.7913803787773759,0.041693002173575744
07137,2019,76.15,195.01752,17.511032,5,16970672.0,275.56174301379946,52.56413776581187,102.7,95.4,96.925,99.125,98.025,109.125,0.2685329763255595,-0.14634105903272665
07137,2020,59.96,146.09833,17.930208,8,15907233.0,275.56174301379946,52.56413776581187,101.9,90.0,102.65,99.1,100.5,110.55,0.5119372634617321,0.23691890186596187
07137,2021,82.65,280.32916,16.499561,0,14733254.0,275.56174301379946,52.56413776581187,100.0,100.0,100.0,100.025,100.025,100.0,-0.14569727716155967,0.07284022371611987
07331,2018,67.08,84.26142,20.501862,15,18275896.0,184.74102991462405,48.12279545184597,93.1,96.7,94.2,99.3,96.425,101.7,-0.6405670231997078,0.15407759477401894
07331,2019,78.18,164.85571,19.406178,12,17704498.0,184.74102991462405,48.12279545184597,102.7,95.4,96.925,99.125,98.025,109.125,0.40418104932825827,-0.25234776162191375
07331,2020,62.62,97.04286,19.924593,17,16902370.0,184.74102991462405,48.12279545184597,101.9,90.0,102.65,99.1,100.5,110.55,0.5575561880808095,0.20105094694887238
07331,2021,82.23,219.59001,17.8273,0,15154291.0,184.74102991462405,48.12279545184597,100.0,100.0,100.0,100.025,100.025,100.0,-0.355721640099091,0.08789170074307795
07332,2018,55.05,106.67333,20.261236,14,18186176.0,265.18497040983937,54.88075242723909,93.1,96.7,94.2,99.3,96.425,101.7,-0.6600244100563373,0.15371820989289664
07332,2019,71.52,177.83,19.13033,9,17740564.0,265.18497040983937,54.88075242723909,102.7,95.4,96.925,99.125,98.025,109.125,0.41443972973286236,-0.26196921196687206
07332,2020,26.24,111.53833,19.753319,12,17072884.0,265.18497040983937,54.88075242723909,101.9,90.0,102.65,99.1,100.5,110.55,0.6094388587993649,0.2087685583018053
07332,2021,70.16,259.82834,17.600279,0,15341519.0,265.18497040983937,54.88075242723909,100.0,100.0,100.0,100.025,100.025,100.0,-0.31097361806007484,0.0835639619927413
07333,2018,60.73,103.57751,19.416254,11,18206898.0,306.886938037734,50.4921750699735,93.1,96.7,94.2,99.3,96.425,101.7,-0.6980923746162375,0.14454898144057715
07333,2019,77.35,179.58377,18.334923,7,17710560.0,306.886938037734,50.4921750699735,102.7,95.4,96.925,99.125,98.025,109.125,0.38202588249328073,-0.24917221325106853
07333,2020,68.67,112.582504,18.930187,10,16940944.0,306.886938037734,50.4921750699735,101.9,90.0,102.65,99.1,100.5,110.55,0.5379678282340024,0.21911326032099043
07333,2021,87.99,261.95126,16.876257,0,15204455.0,306.886938037734,50.4921750699735,100.0,100.0,100.0,100.025,100.025,100.0,-0.26053122635278214,0.07241441742709376
07334,2018,54.88,90.984,20.91897,16,18021218.0,120.12467382252188,47.66931692198731,93.1,96.7,94.2,99.3,96.425,101.7,-0.6506965198327066,0.19296992774643296
07334,2019,67.24,136.58002,20.021421,15,17780738.0,120.12467382252188,47.66931692198731,102.7,95.4,96.925,99.125,98.025,109.125,0.35611495219757217,-0.17982385137306367
07334,2020,54.7,104.334,20.338747,15,17232500.0,120.12467382252188,47.66931692198731,101.9,90.0,102.65,99.1,100.5,110.55,0.6354380350098836,0.17434042237423064
07334,2021,86.37,217.87999,18.375439,1,15507694.0,120.12467382252188,47.66931692198731,100.0,100.0,100.0,100.025,100.025,100.0,-0.3178299820808661,0.0418139023448898
07337,2018,75.4,115.75142,20.223078,14,18095640.0,251.85473949706744,56.42069397953205,93.1,96.7,94.2,99.3,96.425,101.7,-0.6847458788697054,0.16441676105606717
07337,2019,82.84,158.22856,19.196993,10,17789312.0,251.85473949706744,56.42069397953205,102.7,95.4,96.925,99.125,98.025,109.125,0.4047603435253109,-0.22774592452847142
07337,2020,68.11,120.87858,19.666239,14,17209764.0,251.85473949706744,56.42069397953205,101.9,90.0,102.65,99.1,100.5,110.55,0.6083180174325662,0.20372786892340033
07337,2021,87.58,263.43286,17.660677,0,15492033.0,251.85473949706744,56.42069397953205,100.0,100.0,100.0,100.025,100.025,100.0,-0.2743274009100105,0.04996359603430034
07338,2018,92.23,85.895,21.143871,22,18194866.0,100.9821622520557,41.94914260173256,93.1,96.7,94.2,99.3,96.425,101.7,-0.6047664130483668,0.17375931945151168
07339,2018,59.71,88.22286,20.287472,15,18176962.0,190.07160074730552,48.84544684417733,93.1,96.7,94.2,99.3,96.425,101.7,-0.6442360473406552,0.1416133717501955
07339,2019,78.31,168.59715,19.188593,12,17565492.0,190.07160074730552,48.84544684417733,102.7,95.4,96.925,99.125,98.025,109.125,0.3953865394385616,-0.24026935203119215
07339,2020,53.48,106.45286,19.714493,15,16717326.0,190.07160074730552,48.84544684417733,101.9,90.0,102.65,99.1,100.5,110.55,0.5416467696360314,0.20177193214965405
07339,2021,87.17,234.04713,17.692389,0,14989319.0,190.07160074730552,48.84544684417733,100.0,100.0,100.0,100.025,100.025,100.0,-0.32876040707560605,0.0855220576259994
08111,2018,64.67,147.76666,19.276653,9,17677556.0,354.9420980627743,47.02420308255134,93.1,96.7,94.2,99.3,96.425,101.7,-0.7021357709614335,0.20113176802272115
08111,2019,82.92,197.10333,18.15618,5,17464420.0,354.9420980627743,47.02420308255134,102.7,95.4,96.925,99.125,98.025,109.125,0.17437467911270232,-0.016177719154771064
08111,2020,65.46,179.81001,18.652374,9,16985448.0,354.9420980627743,47.02420308255134,101.9,90.0,102.65,99.1,100.5,110.55,0.70848041723508,0.18731778185738635
08111,2021,83.05,254.81332,16.986984,0,15257593.0,354.9420980627743,47.02420308255134,100.0,100.0,100.0,100.025,100.025,100.0,-0.35828159236257306,0.05320039927574416
08115,2019,86.58,222.15627,17.594158,4,17593196.0,470.1272866448536,48.94521501984948,93.1,96.7,94.2,99.3,96.425,101.7,0.1774791546130814,-0.0016760534370608982
08118,2018,57.44,146.2,19.76803,11,17756018.0,282.4640191800873,46.63304415170457,93.1,96.7,94.2,99.3,96.425,101.7,-0.7260233823994326,0.17272058239826227
08118,2019,78.26,192.325,18.609627,6,17531050.0,282.4640191800873,46.63304415170457,102.7,95.4,96.925,99.125,98.025,109.125,0.20907543383202665,-0.03328769296672729
08118,2020,64.59,172.525,19.056768,11,17002638.0,282.4640191800873,46.63304415170457,101.9,90.0,102.65,99.1,100.5,110.55,0.6920518105223437,0.20920261001989027
08118,2021,81.88,247.20003,17.430506,0,15193535.0,282.4640191800873,46.63304415170457,100.0,100.0,100.0,100.025,100.025,100.0,-0.3367744157770858,0.038767749978751986
08119,2020,59.07,174.02274,18.362617,8,16870838.0,382.740038914057,56.07542370943023,101.9,90.0,102.65,99.1,100.5,110.55,0.7524238911254884,0.17003544908239432
08125,2018,61.26,113.17125,19.957888,14,17919504.0,256.19008124886005,52.63757019254051,93.1,96.7,94.2,99.3,96.425,101.7,-0.6787378834309266,0.13341047369982562
08125,2019,84.63,161.46124,18.675999,5,17554260.0,256.19008124886005,52.63757019254051,102.7,95.4,96.925,99.125,98.025,109.125,0.26591964251412037,-0.018665901431846876
08125,2020,63.06,143.78938,19.04807,10,16965412.0,256.19008124886005,52.63757019254051,101.9,90.0,102.65,99.1,100.5,110.55,0.6499157540620786,0.21543657038099484
08125,2021,85.1,216.72687,17.456833,0,15077734.0,256.19008124886005,52.63757019254051,100.0,100.0,100.0,100.025,100.025,100.0,-0.3643082052890918,-0.002530681451004879
08126,2018,62.81,110.562,19.199797,10,17831614.0,336.4091301756647,55.46941274867426,93.1,96.7,94.2,99.3,96.425,101.7,-0.7002540180152437,0.15151649396609645
08126,2019,82.38,166.60301,17.909405,4,17391742.0,336.4091301756647,55.46941274867426,102.7,95.4,96.925,99.125,98.025,109.125,0.25837951629648614,-0.002143372185410386
08126,2020,67.41,154.61203,18.393759,9,16852902.0,336.4091301756647,55.46941274867426,101.9,90.0,102.65,99.1,100.5,110.55,0.7033249912564088,0.189708925392845
08126,2021,86.0,227.048,16.799314,0,14945873.0,336.4091301756647,55.46941274867426,100.0,100.0,100.0,100.025,100.025,100.0,-0.3591617807455805,0.007139803690360713
08128,2018,58.34,101.71375,19.169483,10,17953236.0,333.40966965901134,51.929721011856586,93.1,96.7,94.2,99.3,96.425,101.7,-0.6911233016114693,0.1391719859186762
08128,2019,77.75,173.98251,17.808971,4,17320770.0,333.40966965901134,51.929721011856586,102.7,95.4,96.925,99.125,98.025,109.125,0.31030457301244496,-0.042447766794875386
08128,2020,73.21,148.9175,18.443192,9,16807838.0,333.40966965901134,51.929721011856586,101.9,90.0,102.65,99.1,100.5,110.55,0.6772412552357423,0.18547842588337726
08128,2021,89.38,247.70563,16.866457,0,14932395.0,333.40966965901134,51.929721011856586,100.0,100.0,100.0,100.025,100.025,100.0,-0.42790941992439,0.0037641611890377735
08215,2018,57.08,106.93356,20.66068,15,18082246.0,177.52681894776447,50.89967809672198,93.1,96.7,94.2,99.3,96.425,101.7,-0.697712811775375,0.20110606990349567
08215,2019,76.19,157.13643,19.555674,11,17816402.0,177.52681894776447,50.89967809672198,102.7,95.4,96.925,99.125,98.025,109.125,0.31819140304963867,-0.10116654995752294
08215,2020,56.37,125.87143,19.905796,13,17247784.0,177.52681894776447,50.89967809672198,101.9,90.0,102.65,99.1,100.5,110.55,0.6701549366666768,0.1640522862702396
08215,2021,86.4,222.75145,18.151773,0,15481831.0,177.52681894776447,50.89967809672198,100.0,100.0,100.0,100.025,100.025,100.0,-0.354119143404489,0.006372888093824303
08225,2018,46.28,118.88357,19.215294,10,18000300.0,355.92770085814504,55.70083988664711,93.1,96.7,94.2,99.3,96.425,101.7,-0.7400566412848661,0.10653112767738149
08225,2019,77.41,197.7757,17.93285,4,17475156.0,355.92770085814504,55.70083988664711,102.7,95.4,96.925,99.125,98.025,109.125,0.3305814003410319,-0.023586661930468655
08225,2020,71.49,154.82285,18.440449,9,16877668.0,355.92770085814504,55.70083988664711,101.9,90.0,102.65,99.1,100.5,110.55,0.6823739979558923,0.19289096458728117
08225,2021,73.95,252.2057,16.786911,0,15003567.0,355.92770085814504,55.70083988664711,100.0,100.0,100.0,100.025,100.025,100.0,-0.3596518000776996,-0.013066251089322578
08226,2018,63.1,102.7125,20.407597,14,18038548.0,209.0248696311348,54.230921024529486,93.1,96.7,94.2,99.3,96.425,101.7,-0.6706696930373823,0.15425155405081914
08226,2019,79.42,164.89314,19.035568,7,17613600.0,209.0248696311348,54.230921024529486,102.7,95.4,96.925,99.125,98.025,109.125,0.3471639353031719,-0.10154688927742295
08226,2020,76.94,123.04187,19.533516,10,16984628.0,209.0248696311348,54.230921024529486,101.9,90.0,102.65,99.1,100.5,110.55,0.6415401996670198,0.1663137813003983
08226,2021,89.34,213.8825,17.726027,0,15147313.0,209.0248696311348,54.230921024529486,100.0,100.0,100.0,100.025,100.025,100.0,-0.35395468909490546,-0.006488839295222926
08425,2019,74.15,268.02167,16.977528,3,17179628.0,606.9436369425779,51.33948169282452,102.7,95.4,96.925,99.125,98.025,109.125,0.1064596298339211,0.0336427774040553
08425,2020,80.46,282.63055,17.253607,2,16994614.0,606.9436369425779,51.33948169282452,101.9,90.0,102.65,99.1,100.5,110.55,0.7400687604313134,0.11513115785482264
08425,2021,76.39,346.60553,15.951276,0,15626688.0,606.9436369425779,51.33948169282452,100.0,100.0,100.0,100.025,100.025,100.0,-0.47850513342427803,0.07159435738698416
09174,2019,81.09,313.095,17.58321,5,16688213.0,497.4195387326888,42.40783205362409,102.7,95.4,96.925,99.125,98.025,109.125,0.2458172965432368,0.14189421625566756
09176,2018,81.33,163.44933,18.528051,5,17754676.0,467.7335862393804,44.97050160649565,93.1,96.7,94.2,99.3,96.425,101.7,-0.5561349477596877,0.14241680301838655
09176,2019,81.94,233.04533,17.641024,6,16813346.0,467.7335862393804,44.97050160649565,102.7,95.4,96.925,99.125,98.025,109.125,0.3550109730488771,0.09392179316172267
09176,2020,84.97,229.66269,17.744404,3,16596840.0,467.7335862393804,44.97050160649565,101.9,90.0,102.65,99.1,100.5,110.55,0.7776940317208982,0.051741147674132515
09176,2021,86.33,298.09137,16.555883,0,15292767.0,467.7335862393804,44.97050160649565,100.0,100.0,100.0,100.025,100.025,100.0,-0.5983768006096852,0.00828610211997649
09177,2021,93.44,408.8809,16.774342,0,15808178.0,486.1818432301588,45.0013349006324,100.0,100.0,100.0,100.025,100.025,100.0,-0.6292681120314683,-0.031051650604641767
09181,2018,98.76,250.52779,18.162518,3,17538746.0,627.7717723774085,49.032628629115536,93.1,96.7,94.2,99.3,96.425,101.7,-0.6703309883087627,0.1710957565918687
09181,2019,91.9,371.7889,16.991953,3,16645625.0,627.7717723774085,49.032628629115536,102.7,95.4,96.925,99.125,98.025,109.125,0.10430072139337199,0.1416131185745637
09181,2020,88.73,358.56555,17.102856,1,16750029.0,627.7717723774085,49.032628629115536,101.9,90.0,102.65,99.1,100.5,110.55,0.8014429278048851,0.06622827121781016
09181,2021,77.68,453.76886,16.18537,0,15714294.0,627.7717723774085,49.032628629115536,100.0,100.0,100.0,100.025,100.025,100.0,-0.4571430313467886,0.027469944748824693
09185,2018,78.3,173.67,18.845243,8,17796692.0,417.10512027480473,39.96029541523365,93.1,96.7,94.2,99.3,96.425,101.7,-0.48383800311756886,0.12106919662318116
09185,2019,87.85,265.59113,17.839672,6,16969184.0,417.10512027480473,39.96029541523365,102.7,95.4,96.925,99.125,98.025,109.125,0.31374028507980256,0.10713671092504229
09185,2020,85.92,239.71777,17.893301,4,16761299.0,417.10512027480473,39.96029541523365,101.9,90.0,102.65,99.1,100.5,110.55,0.6959556589982867,0.0698208930080293
09185,2021,81.05,311.40222,16.824526,0,15579446.0,417.10512027480473,39.96029541523365,100.0,100.0,100.0,100.025,100.025,100.0,-0.553384823963313,0.03677800428408062
09186,2018,74.14,189.654,19.00513,9,17632282.0,438.441564024743,40.93424648046478,93.1,96.7,94.2,99.3,96.425,101.7,-0.5228054732806982,0.12417900232753953
09186,2019,79.04,262.01498,17.931324,6,16693453.0,438.441564024743,40.93424648046478,102.7,95.4,96.925,99.125,98.025,109.125,0.32865111666984603,0.11961998595150414
09186,2021,81.76,337.60397,16.891363,0,15495791.0,438.441564024743,40.93424648046478,101.9,90.0,102.65,99.1,100.5,110.55,-0.6440099489396971,0.0267691581969427
09271,2018,87.37,226.71545,18.721745,5,17957990.0,407.29489499139714,50.91396782333208,93.1,96.7,94.2,99.3,96.425,101.7,-0.7177764564677318,0.17327471916982562
09271,2019,93.35,269.04364,17.953943,5,16665606.0,407.29489499139714,50.91396782333208,102.7,95.4,96.925,99.125,98.025,109.125,0.5181875524633028,0.20276085552712808
09271,2020,94.24,314.2118,17.868624,2,16894362.0,407.29489499139714,50.91396782333208,101.9,90.0,102.65,99.1,100.5,110.55,0.7912006560179634,-0.0029942616142570877
09271,2021,99.67,322.30182,17.004616,0,15922987.0,407.29489499139714,50.91396782333208,100.0,100.0,100.0,100.025,100.025,100.0,-0.3847291060180851,-0.11340374083637395
09273,2018,82.04,177.19499,18.912428,9,17708368.0,428.1411560808996,43.42475805830125,93.1,96.7,94.2,99.3,96.425,101.7,-0.5416192309611461,0.14867929972195126
09273,2019,94.25,228.75499,17.97511,7,16717891.0,428.1411560808996,43.42475805830125,102.7,95.4,96.925,99.125,98.025,109.125,0.3644209730748571,0.1117341062617756
09273,2020,96.03,231.73999,18.05115,4,16605814.0,428.1411560808996,43.42475805830125,101.9,90.0,102.65,99.1,100.5,110.55,0.7949565082306549,0.0231142856116191
09273,2021,96.25,313.41833,16.829195,0,15406983.0,428.1411560808996,43.42475805830125,100.0,100.0,100.0,100.025,100.025,100.0,-0.6083043671564496,-0.0018311438504454713
09274,2018,92.23,202.43893,18.970411,9,17684580.0,461.1059024770922,44.336303727716256,93.1,96.7,94.2,99.3,96.425,101.7,-0.5517635415250766,0.15761738348176468
09274,2019,83.89,268.09583,17.887335,4,16587690.0,461.1059024770922,44.336303727716256,102.7,95.4,96.925,99.125,98.025,109.125,0.31980931397254153,0.17149722631027187
09274,2020,93.61,288.02997,17.9205,3,16637192.0,461.1059024770922,44.336303727716256,101.9,90.0,102.65,99.1,100.5,110.55,0.7383793859228831,0.029607046660485192
09274,2021,101.95,356.48688,16.854994,0,15699331.0,461.1059024770922,44.336303727716256,100.0,100.0,100.0,100.025,100.025,100.0,-0.6051583323180125,-0.01959201765155294
09277,2018,72.54,249.36125,19.004545,8,17848318.0,439.094696242417,47.97796350824268,93.1,96.7,94.2,99.3,96.425,101.7,-0.6400094769961697,0.18874114958480437
09277,2019,66.3,271.7762,18.119984,6,16594189.0,439.094696242417,47.97796350824268,102.7,95.4,96.925,99.125,98.025,109.125,0.38394724338184005,0.179642981801456
09277,2020,74.61,378.3288,18.006252,5,16814578.0,439.094696242417,47.97796350824268,101.9,90.0,102.65,99.1,100.5,110.55,0.6424383654677399,-0.004730954717743985
09277,2021,83.61,349.83627,17.122263,0,16041756.0,439.094696242417,47.97796350824268,100.0,100.0,100.0,100.025,100.025,100.0,-0.6115982701533085,-0.06782660704154864
09278,2018,82.77,187.66,18.847319,7,17885608.0,427.0374629890868,45.09221306462092,93.1,96.7,94.2,99.3,96.425,101.7,-0.5453244692916996,0.1738236165055309
09278,2019,96.33,232.09924,17.959415,5,16742065.0,427.0374629890868,45.09221306462092,102.7,95.4,96.925,99.125,98.025,109.125,0.549345264481758,0.14879667152295095
09278,2020,97.8,274.0677,17.958282,3,16806054.0,427.0374629890868,45.09221306462092,101.9,90.0,102.65,99.1,100.5,110.55,0.7553312809979502,-0.0015813032678908545
09278,2021,96.71,291.96536,16.914942,0,15673564.0,427.0374629890868,45.09221306462092,100.0,100.0,100.0,100.025,100.025,100.0,-0.43939599556438225,-0.050636260069764294
09279,2018,79.46,190.47665,19.25607,11,17831788.0,406.1664700824181,44.82995494398418,93.1,96.7,94.2,99.3,96.425,101.7,-0.596245536300728,0.1867853945123641
09279,2019,84.48,227.85335,18.185812,7,16624068.0,406.1664700824181,44.82995494398418,102.7,95.4,96.925,99.125,98.025,109.125,0.49419312917876823,0.16128156460142784
09279,2020,90.73,286.2,18.170301,4,16781576.0,406.1664700824181,44.82995494398418,101.9,90.0,102.65,99.1,100.5,110.55,0.6715363031509582,-0.010730846405770156
09279,2021,92.08,304.74777,17.071943,0,15824580.0,406.1664700824181,44.82995494398418,100.0,100.0,100.0,100.025,100.025,100.0,-0.5550500636721836,-0.05134707779020076
09375,2018,85.16,169.66867,18.900507,8,17741486.0,420.27434483932,42.50684605147087,93.1,96.7,94.2,99.3,96.425,101.7,-0.47694038513986925,0.15171368791644757
09375,2019,83.81,216.23999,17.97682,7,16762225.0,420.27434483932,42.50684605147087,102.7,95.4,96.925,99.125,98.025,109.125,0.4371584881308763,0.09272335210817828
09375,2020,91.52,234.36131,18.0328,4,16649508.0,420.27434483932,42.50684605147087,101.9,90.0,102.65,99.1,100.5,110.55,0.7593012172009708,-0.004537273812346698
09375,2021,90.62,286.26196,16.838726,0,15386646.0,420.27434483932,42.50684605147087,100.0,100.0,100.0,100.025,100.025,100.0,-0.5785975390875819,0.017804818868826233
09471,2018,43.38,120.408,19.011753,9,17788026.0,354.51425311703053,46.39872623882177,93.1,96.7,94.2,99.3,96.425,101.7,-0.674520534552471,0.13275331708205562
09471,2020,60.98,182.36603,18.150763,7,16512150.0,354.51425311703053,46.39872623882177,102.7,95.4,96.925,99.125,98.025,109.125,0.7320526809625676,0.10368694140449985
09471,2021,60.57,265.58533,16.776953,0,14657827.0,354.51425311703053,46.39872623882177,100.0,100.0,100.0,100.025,100.025,100.0,-0.630397030580184,-0.01361761533510042
09473,2018,49.08,119.09501,18.77701,9,17552418.0,353.7904271423471,45.2185170585857,93.1,96.7,94.2,99.3,96.425,101.7,-0.8059152027643108,0.12249779681762973
09571,2018,47.17,139.27792,18.512724,5,17809460.0,449.6186755788706,44.64995754944797,93.1,96.7,94.2,99.3,96.425,101.7,-0.7290500041871724,0.1211809510303874
09571,2019,69.93,209.34999,17.405548,4,17080392.0,449.6186755788706,44.64995754944797,102.7,95.4,96.925,99.125,98.025,109.125,0.25601955864220827,0.020001624322115497
09571,2020,57.23,197.75958,17.861477,6,16736373.0,449.6186755788706,44.64995754944797,101.9,90.0,102.65,99.1,100.5,110.55,0.7394950908317242,0.1396979061849868
09571,2021,83.25,263.29086,16.373173,0,14970773.0,449.6186755788706,44.64995754944797,100.0,100.0,100.0,100.025,100.025,100.0,-0.4302355680465553,-0.0025953405992930056
09573,2018,43.25,131.55,19.02319,8,17916128.0,355.12600336415136,39.8564981078154,93.1,96.7,94.2,99.3,96.425,101.7,-0.6652450079567416,0.15127221689116266
09573,2019,72.17,197.13,17.936325,5,16969092.0,355.12600336415136,39.8564981078154,102.7,95.4,96.925,99.125,98.025,109.125,0.3109355545065,0.002215292812552949
09573,2020,64.93,191.10498,18.346869,7,16709805.0,355.12600336415136,39.8564981078154,101.9,90.0,102.65,99.1,100.5,110.55,0.7215619466240355,0.09629496872775634
09573,2021,84.83,254.875,16.87934,0,14887620.0,355.12600336415136,39.8564981078154,100.0,100.0,100.0,100.025,100.025,100.0,-0.6059061708535296,0.009420789431279886
09575,2018,60.93,124.32133,19.022226,8,17925328.0,356.623046133806,44.30047674715925,93.1,96.7,94.2,99.3,96.425,101.7,-0.7304047512512852,0.1322037659089117
09575,2019,79.16,196.51865,17.764715,4,17118202.0,356.623046133806,44.30047674715925,102.7,95.4,96.925,99.125,98.025,109.125,0.2803147526809653,-0.019937881978185246
09575,2020,70.2,178.36732,18.387758,9,16764618.0,356.623046133806,44.30047674715925,101.9,90.0,102.65,99.1,100.5,110.55,0.7041560007619978,0.13568829453807973
09575,2021,91.07,260.46,16.80527,0,14917411.0,356.623046133806,44.30047674715925,100.0,100.0,100.0,100.025,100.025,100.0,-0.5217297977191606,-0.0072021572544775925
09577,2019,62.62,227.57169,17.452595,4,16973658.0,490.3084003469995,45.34564951930825,102.7,95.4,96.925,99.125,98.025,109.125,0.3116908216542811,0.05986652219356525
09672,2018,47.37,105.96187,18.3534,6,17864322.0,378.590599867644,54.50920750922612,93.1,96.7,94.2,99.3,96.425,101.7,-0.6837300612858712,0.08882649653944852
09672,2019,62.39,195.48499,17.011547,4,16844570.0,378.590599867644,54.50920750922612,102.7,95.4,96.925,99.125,98.025,109.125,0.4232615153436541,-0.10198727418276621
09672,2020,63.11,148.10999,17.512865,3,16429397.0,378.590599867644,54.50920750922612,101.9,90.0,102.65,99.1,100.5,110.55,0.7260023781706195,0.1497040470405191
09672,2021,85.98,263.32877,16.133993,0,14745235.0,378.590599867644,54.50920750922612,100.0,100.0,100.0,100.025,100.025,100.0,-0.5247700236701007,0.02069453855567338
09673,2018,60.05,109.51999,18.117586,6,17778740.0,399.6528141776127,52.04001503592565,93.1,96.7,94.2,99.3,96.425,101.7,-0.7610141180098253,0.09301133565766362
09673,2019,60.44,181.01797,16.745329,4,16582606.0,399.6528141776127,52.04001503592565,102.7,95.4,96.925,99.125,98.025,109.125,0.45028350656798466,-0.10289150618113685
09673,2020,68.93,154.95299,17.179464,4,16237405.0,399.6528141776127,52.04001503592565,101.9,90.0,102.65,99.1,100.5,110.55,0.7117916222989038,0.14405535559178673
09673,2021,75.48,272.89502,15.891577,0,14523994.0,399.6528141776127,52.04001503592565,100.0,100.0,100.0,100.025,100.025,100.0,-0.46944265383291395,0.03523470630063419
09674,2018,64.65,108.99307,19.020227,9,17772630.0,328.89888500557123,46.22027646058158,93.1,96.7,94.2,99.3,96.425,101.7,-0.7179764210055737,0.12216961927919034
09674,2019,59.55,173.96924,17.78041,5,16814860.0,328.89888500557123,46.22027646058158,102.7,95.4,96.925,99.125,98.025,109.125,0.36864209809965587,-0.09072244106213923
09674,2020,68.18,157.67076,18.153046,7,16463297.0,328.89888500557123,46.22027646058158,101.9,90.0,102.65,99.1,100.5,110.55,0.7104341121407174,0.12893587611085233
09674,2021,76.33,247.43384,16.784351,0,14690943.0,328.89888500557123,46.22027646058158,100.0,100.0,100.0,100.025,100.025,100.0,-0.6038930413860157,0.006039987781255363
09675,2018,51.85,108.045006,19.318771,10,18019446.0,278.4854999450129,45.36807458445826,93.1,96.7,94.2,99.3,96.425,101.7,-0.6752626939683637,0.1233070298871568
09675,2019,71.37,189.31502,18.006655,5,17182632.0,278.4854999450129,45.36807458445826,102.7,95.4,96.925,99.125,98.025,109.125,0.29703932098431096,-0.08085094926211134
09675,2020,63.06,157.85501,18.620672,9,16775950.0,278.4854999450129,45.36807458445826,101.9,90.0,102.65,99.1,100.5,110.55,0.7138098644093702,0.13722690132967674
09675,2021,84.8,262.81,17.122866,0,14932134.0,278.4854999450129,45.36807458445826,100.0,100.0,100.0,100.025,100.025,100.0,-0.601729252803807,0.011888835158171851
09676,2018,71.2,117.37399,19.286133,10,18000590.0,297.1266770863703,58.32921233383006,93.1,96.7,94.2,99.3,96.425,101.7,-0.6360289564452728,0.09110990423308718
09676,2019,80.81,208.773,17.99365,4,17325214.0,297.1266770863703,58.32921233383006,102.7,95.4,96.925,99.125,98.025,109.125,0.3832808814199211,-0.06124170332404688
09676,2020,72.89,151.128,18.638708,9,16737295.0,297.1266770863703,58.32921233383006,101.9,90.0,102.65,99.1,100.5,110.55,0.7201084410527301,0.18100869490182192
09677,2018,68.97,102.86,18.887833,10,17965826.0,310.7730440507332,56.03867990623019,93.1,96.7,94.2,99.3,96.425,101.7,-0.5690903540178169,0.07188996072397824
09677,2019,69.66,187.50117,17.539923,4,17125094.0,310.7730440507332,56.03867990623019,102.7,95.4,96.925,99.125,98.025,109.125,0.43390208720234114,-0.10009960352425273
09677,2020,76.56,142.25471,18.183344,9,16630432.0,310.7730440507332,56.03867990623019,101.9,90.0,102.65,99.1,100.5,110.55,0.742094761386511,0.18440101750849935
09677,2021,87.75,264.17706,16.624107,0,14881683.0,310.7730440507332,56.03867990623019,100.0,100.0,100.0,100.025,100.025,100.0,-0.4636203955406586,-0.027825945301033772
09678,2018,59.12,106.32819,19.13189,9,17933828.0,289.2862406787357,46.60291763957963,93.1,96.7,94.2,99.3,96.425,101.7,-0.6838380876091605,0.11111920731567548
09678,2019,57.44,189.10547,17.847082,4,17025808.0,289.2862406787357,46.60291763957963,102.7,95.4,96.925,99.125,98.025,109.125,0.3755409023706875,-0.11511273416412038
09678,2020,61.54,153.75818,18.365898,9,16631809.0,289.2862406787357,46.60291763957963,101.9,90.0,102.65,99.1,100.5,110.55,0.6875087740704657,0.13631103331810723
09678,2021,81.18,255.09818,16.948511,0,14874017.0,289.2862406787357,46.60291763957963,100.0,100.0,100.0,100.025,100.025,100.0,-0.5805003025972724,0.033122446178698084
09679,2018,60.18,102.341995,19.280684,10,18001890.0,295.3339376478746,49.79183859996042,93.1,96.7,94.2,99.3,96.425,101.7,-0.6164366562391024,0.11480240952332221
09679,2019,79.29,179.426,17.932316,5,17267840.0,295.3339376478746,49.79183859996042,102.7,95.4,96.925,99.125,98.025,109.125,0.32884344563956347,-0.0922599435081497
09679,2020,72.46,149.505,18.59097,9,16801342.0,295.3339376478746,49.79183859996042,101.9,90.0,102.65,99.1,100.5,110.55,0.7256603013842664,0.16159436624463774
09679,2021,89.47,258.324,17.059631,0,14955354.0,295.3339376478746,49.79183859996042,100.0,100.0,100.0,100.025,100.025,100.0,-0.5441819098178371,-0.005112752208132121
09771,2018,95.42,201.52599,18.797863,8,17628798.0,488.8423700832919,41.31451596523443,93.1,96.7,94.2,99.3,96.425,101.7,-0.5713281796595311,0.14351791381609624
09771,2019,94.89,311.15305,17.631641,5,16858454.0,488.8423700832919,41.31451596523443,102.7,95.4,96.925,99.125,98.025,109.125,0.1900149818357022,0.10478155029015435
09771,2020,99.54,271.557,17.713818,4,16744707.0,488.8423700832919,41.31451596523443,101.9,90.0,102.65,99.1,100.5,110.55,0.7198486107168378,0.08823968276743788
09771,2021,89.75,350.76596,16.743254,0,15619923.0,488.8423700832919,41.31451596523443,100.0,100.0,100.0,100.025,100.025,100.0,-0.4970575727300002,0.031958173411225754
09772,2018,81.73,210.08911,18.523949,7,17684892.0,510.956197286752,43.52074393646736,93.1,96.7,94.2,99.3,96.425,101.7,-0.5911800405888812,0.1690634687995285
09772,2019,94.1,308.65457,17.316177,3,16977454.0,510.956197286752,43.52074393646736,102.7,95.4,96.925,99.125,98.025,109.125,0.1971120714968606,0.09563593272057913
09772,2020,94.69,299.23,17.436054,3,16920642.0,510.956197286752,43.52074393646736,101.9,90.0,102.65,99.1,100.5,110.55,0.692571929453834,0.10403907558854542
09772,2021,81.81,364.17093,16.432262,0,15749409.0,510.956197286752,43.52074393646736,100.0,100.0,100.0,100.025,100.025,100.0,-0.5057894873800706,0.04406658923045237
09773,2018,74.76,180.12727,18.683287,8,17662966.0,454.5975139106636,41.17990861550313,93.1,96.7,94.2,99.3,96.425,101.7,-0.5103368027685065,0.15755436658125643
09773,2019,92.39,249.75998,17.648632,5,17119054.0,454.5975139106636,41.17990861550313,102.7,95.4,96.925,99.125,98.025,109.125,0.24622483554435348,0.05500583246982038
09773,2020,97.29,249.62816,17.695807,3,16905120.0,454.5975139106636,41.17990861550313,101.9,90.0,102.65,99.1,100.5,110.55,0.6567021852411017,0.1429423159556602
09773,2021,85.71,309.94543,16.585121,0,15662351.0,454.5975139106636,41.17990861550313,100.0,100.0,100.0,100.025,100.025,100.0,-0.45926051047439387,0.04940050277631958
09774,2018,87.47,192.351,18.565311,8,17759696.0,506.25228386240246,43.53821514599303,93.1,96.7,94.2,99.3,96.425,101.7,-0.6101064864733985,0.19983425349586637
09774,2019,98.16,271.69598,17.344841,4,17185510.0,506.25228386240246,43.53821514599303,102.7,95.4,96.925,99.125,98.025,109.125,0.2296238306352052,0.08073570929610097
09774,2020,97.96,279.82104,17.435131,3,17095142.0,506.25228386240246,43.53821514599303,101.9,90.0,102.65,99.1,100.5,110.55,0.6632606082255847,0.10892837004491196
09774,2021,88.63,342.661,16.31947,0,15865823.0,506.25228386240246,43.53821514599303,100.0,100.0,100.0,100.025,100.025,100.0,-0.49723904901441074,0.05925681839134245
09775,2018,78.02,196.452,18.430872,7,17747012.0,515.0072983744109,43.576099256786335,93.1,96.7,94.2,99.3,96.425,101.7,-0.6125417914052491,0.21118904338907707
09775,2019,78.5,276.46,17.187336,3,17211524.0,515.0072983744109,43.576099256786335,102.7,95.4,96.925,99.125,98.025,109.125,0.21050108154446434,0.04449128160413807
09775,2020,83.52,292.88998,17.370634,3,17135284.0,515.0072983744109,43.576099256786335,101.9,90.0,102.65,99.1,100.5,110.55,0.6506437442200195,0.1127541245764363
09775,2021,74.05,346.342,16.208212,0,15861468.0,515.0072983744109,43.576099256786335,100.0,100.0,100.0,100.025,100.025,100.0,-0.4880859226219627,0.07298829214741187
09779,2018,89.56,159.02533,18.393208,5,17821440.0,460.92054801805193,42.67593741906976,93.1,96.7,94.2,99.3,96.425,101.7,-0.5653961898568127,0.13204300929548696
09779,2019,94.07,238.54533,17.455559,4,17165898.0,460.92054801805193,42.67593741906976,102.7,95.4,96.925,99.125,98.025,109.125,0.26269909085505105,0.04849787327906485
09779,2020,91.56,229.26668,17.56348,3,16859630.0,460.92054801805193,42.67593741906976,101.9,90.0,102.65,99.1,100.5,110.55,0.7040125244774913,0.10858260202342906
09779,2021,83.52,279.43396,16.375677,0,15465785.0,460.92054801805193,42.67593741906976,100.0,100.0,100.0,100.025,100.025,100.0,-0.44579596962205414,0.02746171155587329
12062,2018,69.87,103.10773,20.06206,18,17038026.0,102.26153647522072,36.17198747447048,93.1,96.7,94.2,99.3,96.425,101.7,-0.7830759747435536,0.03575546613505254
12062,2019,67.12,154.39865,18.789448,8,15910353.0,102.26153647522072,36.17198747447048,102.7,95.4,96.925,99.125,98.025,109.125,0.5002821729636366,0.03219574750315868
12063,2018,43.18,81.40652,19.623201,14,17105138.0,34.27972390292592,35.81629520224732,93.1,96.7,94.2,99.3,96.425,101.7,-0.8529856715215374,0.11289995477162473
12063,2019,61.82,175.49434,18.464497,8,15230685.0,34.27972390292592,35.81629520224732,102.7,95.4,96.925,99.125,98.025,109.125,0.605100232962684,-0.20719982195320374
12063,2020,78.13,180.84521,18.425081,5,15142778.0,34.27972390292592,35.81629520224732,101.9,90.0,102.65,99.1,100.5,110.55,1.0347875314394628,0.10666627236152904
12063,2021,68.86,220.58653,17.873669,0,13804186.0,34.27972390292592,35.81629520224732,100.0,100.0,100.0,100.025,100.025,100.0,-0.34381891091493344,-0.07507684591281216
12064,2018,61.8,132.03188,19.274399,11,16743385.0,47.27500580551489,36.64059745746665,93.1,96.7,94.2,99.3,96.425,101.7,-0.8448859070101093,0.1105961862961613
12064,2019,56.83,177.69283,18.484636,8,15302735.0,47.27500580551489,36.64059745746665,102.7,95.4,96.925,99.125,98.025,109.125,0.49397754490883017,-0.142880363464569
12064,2020,42.86,181.88031,18.54989,7,15312525.0,47.27500580551489,36.64059745746665,101.9,90.0,102.65,99.1,100.5,110.55,1.173232201646556,0.0851669279535201
12069,2019,50.02,171.66513,18.677217,9,15483382.0,70.97111090237965,39.06239026621852,102.7,95.4,96.925,99.125,98.025,109.125,0.6006188986639813,-0.17424498021253065
12070,2018,51.99,82.20313,18.965809,10,16830494.0,52.93772890964092,36.17088665928267,93.1,96.7,94.2,99.3,96.425,101.7,-0.8821073002568482,0.13737956716485455
12070,2019,73.23,189.20686,17.68402,4,14627882.0,52.93772890964092,36.17088665928267,102.7,95.4,96.925,99.125,98.025,109.125,0.6086674024177796,-0.24340638258616265
12070,2020,74.04,179.7503,17.67404,3,14797101.0,52.93772890964092,36.17088665928267,101.9,90.0,102.65,99.1,100.5,110.55,0.9634944197737809,0.16390751565428152
12070,2021,81.77,200.0922,17.509872,0,13674670.0,52.93772890964092,36.17088665928267,100.0,100.0,100.0,100.025,100.025,100.0,-0.17793690658430705,-0.07970772729606723
12073,2018,47.88,119.862686,18.790222,5,16630652.0,54.7569700705869,35.820799452742165,93.1,96.7,94.2,99.3,96.425,101.7,-0.8580107429889949,0.182281830891609
12073,2019,65.31,187.30707,17.91132,3,14996964.0,54.7569700705869,35.820799452742165,102.7,95.4,96.925,99.125,98.025,109.125,0.5737349695350531,-0.12744128291017653
12073,2020,67.05,191.17,17.661335,4,15104993.0,54.7569700705869,35.820799452742165,101.9,90.0,102.65,99.1,100.5,110.55,1.1986737282368836,0.061411997779322824
12073,2021,70.94,254.83951,17.589417,0,13920391.0,54.7569700705869,35.820799452742165,100.0,100.0,100.0,100.025,100.025,100.0,-0.25036494007287047,-0.07981315622525909
13071,2018,56.56,92.75636,18.622282,6,16567289.0,62.05753027410464,38.64812536384011,93.1,96.7,94.2,99.3,96.425,101.7,-0.9353489820834398,0.22153868145752154
13071,2019,67.96,190.87985,17.44167,3,14778440.0,62.05753027410464,38.64812536384011,102.7,95.4,96.925,99.125,98.025,109.125,0.6305821039570105,-0.1549830049800056
13071,2020,73.35,194.34743,17.27036,2,14941039.0,62.05753027410464,38.64812536384011,101.9,90.0,102.65,99.1,100.5,110.55,1.1220625138515743,0.1361833143663269
13071,2021,70.82,226.50703,17.457794,0,13927505.0,62.05753027410464,38.64812536384011,100.0,100.0,100.0,100.025,100.025,100.0,-0.16793157063978015,-0.05492078963394276
13072,2018,68.44,101.83306,18.349758,5,16622244.0,36.06949016828116,38.63362555388887,93.1,96.7,94.2,99.3,96.425,101.7,-0.9960342627830983,0.2629588828835141
13072,2019,77.78,198.47816,17.107586,0,14886357.0,36.06949016828116,38.63362555388887,102.7,95.4,96.925,99.125,98.025,109.125,0.6383954403786447,-0.12819268124356387
13072,2020,80.78,178.75163,16.999552,0,15250381.0,36.06949016828116,38.63362555388887,101.9,90.0,102.65,99.1,100.5,110.55,1.0213756804255922,0.17809922455141858
13072,2021,74.57,205.0206,17.290936,0,14243210.0,36.06949016828116,38.63362555388887,100.0,100.0,100.0,100.025,100.025,100.0,-0.16309303326028157,-0.01903496355474721
13073,2018,69.9,103.707085,18.493977,3,16542492.0,14.737300532102989,43.14493181361785,93.1,96.7,94.2,99.3,96.425,101.7,-0.8948097327474329,0.2748267087833285
13073,2019,81.19,205.66513,17.181618,0,15079917.0,14.737300532102989,43.14493181361785,102.7,95.4,96.925,99.125,98.025,109.125,0.6323890294891612,-0.08811568054554686
13073,2020,82.62,215.22878,17.0333,0,15220959.0,14.737300532102989,43.14493181361785,101.9,90.0,102.65,99.1,100.5,110.55,1.0318777646617718,0.182239986368129
13073,2021,90.37,234.46683,17.39337,0,14339462.0,14.737300532102989,43.14493181361785,100.0,100.0,100.0,100.025,100.025,100.0,-0.10286891643028184,-0.05240891137509285
13074,2018,56.48,107.66999,18.249323,6,16638829.0,41.47393948165326,43.10618084867727,93.1,96.7,94.2,99.3,96.425,101.7,-1.0459720400016863,0.16585498929892561
13074,2019,78.22,195.16765,17.054314,1,14682791.0,41.47393948165326,43.10618084867727,102.7,95.4,96.925,99.125,98.025,109.125,0.6654182238788167,-0.1861374394558012
13074,2020,79.01,167.73235,17.045868,0,15184429.0,41.47393948165326,43.10618084867727,101.9,90.0,102.65,99.1,100.5,110.55,0.9981568450182294,0.22868397091276105
13074,2021,63.41,208.08102,17.120214,0,14068138.0,41.47393948165326,43.10618084867727,100.0,100.0,100.0,100.025,100.025,100.0,-0.19047149688236686,-0.011709803073761238
13075,2018,57.17,114.63788,18.832716,4,16468246.0,17.711266955122902,41.0799393666064,93.1,96.7,94.2,99.3,96.425,101.7,-0.9172250035681486,0.2348721386461583
13075,2019,70.15,185.56442,17.673056,3,14967939.0,17.711266955122902,41.0799393666064,102.7,95.4,96.925,99.125,98.025,109.125,0.6330130788243196,-0.09651799485901569
13075,2020,70.87,210.596,17.424284,2,15022696.0,17.711266955122902,41.0799393666064,101.9,90.0,102.65,99.1,100.5,110.55,1.1651805824915868,0.10074451388614847
13075,2021,71.76,259.16498,17.651054,0,14029327.0,17.711266955122902,41.0799393666064,100.0,100.0,100.0,100.025,100.025,100.0,-0.15987182507404896,-0.021647358533211536
13076,2018,61.26,93.37452,18.543846,9,16589055.0,44.7086480808374,41.34521384306508,93.1,96.7,94.2,99.3,96.425,101.7,-0.9325664261703537,0.140940809064787
13076,2019,70.64,194.36613,17.269714,2,14485286.0,44.7086480808374,41.34521384306508,102.7,95.4,96.925,99.125,98.025,109.125,0.632234731530275,-0.2404083908821859
13076,2020,77.22,170.61293,17.278173,2,14841263.0,44.7086480808374,41.34521384306508,101.9,90.0,102.65,99.1,100.5,110.55,0.9356203905413167,0.23466664459299724
13076,2021,50.36,195.89081,17.310667,0,13730874.0,44.7086480808374,41.34521384306508,100.0,100.0,100.0,100.025,100.025,100.0,-0.23024508221413953,-0.047991677308075076
14522,2018,69.54,98.079994,18.75052,8,17129464.0,354.76248611154307,54.89524089500766,93.1,96.7,94.2,99.3,96.425,101.7,-0.8026062199265311,0.032167906942416336
14522,2019,81.15,197.91612,17.40299,2,16153658.0,354.76248611154307,54.89524089500766,102.7,95.4,96.925,99.125,98.025,109.125,0.3801005006170044,0.16033444878754088
14522,2020,78.58,215.10194,17.745691,3,16136196.0,354.76248611154307,54.89524089500766,101.9,90.0,102.65,99.1,100.5,110.55,1.0877194381308186,-0.03739102227120228
14522,2021,84.01,319.68707,16.635386,0,14370344.0,354.76248611154307,54.89524089500766,100.0,100.0,100.0,100.025,100.025,100.0,-0.38948625379907753,0.03329914779654497
14524,2018,52.07,85.78077,18.792164,8,17077448.0,343.0609384070534,52.00876295096663,93.1,96.7,94.2,99.3,96.425,101.7,-0.8434157853398574,0.06792303958729762
14524,2019,57.32,193.64462,17.559616,2,16084359.0,343.0609384070534,52.00876295096663,102.7,95.4,96.925,99.125,98.025,109.125,0.40310971309406796,0.10616644683997722
14524,2020,72.09,206.94461,17.798302,5,16057898.0,343.0609384070534,52.00876295096663,101.9,90.0,102.65,99.1,100.5,110.55,0.9523626936908158,-0.014532129685097761
14524,2021,72.21,335.4954,16.569056,0,14016376.0,343.0609384070534,52.00876295096663,100.0,100.0,100.0,100.025,100.025,100.0,-0.4583617961170603,0.060252304100997245
14625,2018,52.65,121.42355,19.658075,13,16920660.0,198.7984065380672,42.9309437004101,93.1,96.7,94.2,99.3,96.425,101.7,-0.7866278602277248,0.028538312494229334
14625,2019,63.49,174.18806,18.303892,2,15944632.0,198.7984065380672,42.9309437004101,102.7,95.4,96.925,99.125,98.025,109.125,0.49065099593957484,0.11604877999893137
14625,2020,73.89,208.62743,18.628546,3,15984562.0,198.7984065380672,42.9309437004101,101.9,90.0,102.65,99.1,100.5,110.55,1.170044209123887,-0.035220045190506144
14625,2021,73.95,267.7045,17.695969,0,14386020.0,198.7984065380672,42.9309437004101,100.0,100.0,100.0,100.025,100.025,100.0,-0.4153007851164148,0.024932326313582776
14626,2018,47.91,131.68704,19.452854,12,16942074.0,223.2249771252893,43.94385284188461,93.1,96.7,94.2,99.3,96.425,101.7,-0.7876074195378919,0.029125308870745492
14626,2019,61.06,202.81296,18.080141,3,15821640.0,223.2249771252893,43.94385284188461,102.7,95.4,96.925,99.125,98.025,109.125,0.5144601508537221,0.08638110357293383
14626,2020,70.49,228.40443,18.272223,3,15907921.0,223.2249771252893,43.94385284188461,101.9,90.0,102.65,99.1,100.5,110.55,1.163819798271959,-0.04119118397642674
14626,2021,73.13,292.66666,17.522512,0,14444433.0,223.2249771252893,43.94385284188461,100.0,100.0,100.0,100.025,100.025,100.0,-0.3479534658386001,0.04678532389260637
14627,2018,65.31,100.545,19.88434,16,17156328.0,155.04697258591955,41.11461039028564,93.1,96.7,94.2,99.3,96.425,101.7,-0.7585030301140705,0.04846887780583797
14627,2019,76.53,159.72888,18.520473,4,16173786.0,155.04697258591955,41.11461039028564,102.7,95.4,96.925,99.125,98.025,109.125,0.47220436032733915,0.10523538711469804
14627,2020,74.81,188.95389,19.003595,7,16154225.0,155.04697258591955,41.11461039028564,101.9,90.0,102.65,99.1,100.5,110.55,1.1217837980088348,-0.045780639980642635
14627,2021,87.97,256.65942,17.887287,0,14472607.0,155.04697258591955,41.11461039028564,100.0,100.0,100.0,100.025,100.025,100.0,-0.39897203511566204,0.041052142661170965
14628,2018,54.64,114.02474,18.553804,9,16937862.0,384.98984559106736,48.99689899412168,93.1,96.7,94.2,99.3,96.425,101.7,-0.7080487239483091,0.0172551623908328
14628,2019,68.69,196.41264,17.308546,2,16051772.0,384.98984559106736,48.99689899412168,102.7,95.4,96.925,99.125,98.025,109.125,0.48711377015706603,0.14594623663973127
14713,2018,46.39,82.342,20.206488,21,17258524.0,123.59486696935014,47.75030443533704,93.1,96.7,94.2,99.3,96.425,101.7,-0.7774704909475645,0.06818662309171675
14713,2019,56.31,169.366,18.882013,9,16118691.0,123.59486696935014,47.75030443533704,102.7,95.4,96.925,99.125,98.025,109.125,0.47033335818508704,-0.04261270223601321
14713,2020,50.82,184.32799,19.040438,7,15939573.0,123.59486696935014,47.75030443533704,101.9,90.0,102.65,99.1,100.5,110.55,0.9825372783216721,0.009319824503039698
14713,2021,82.9,281.248,17.902334,0,14273614.0,123.59486696935014,47.75030443533704,100.0,100.0,100.0,100.025,100.025,100.0,-0.4742249626412445,0.03587496769362364
14729,2018,49.74,86.515,19.956108,19,17287128.0,157.08459540406392,50.09724502977371,93.1,96.7,94.2,99.3,96.425,101.7,-0.7888353538316437,0.061420328464723895
14729,2019,61.85,171.83,18.58633,8,16201426.0,157.08459540406392,50.09724502977371,102.7,95.4,96.925,99.125,98.025,109.125,0.4559252754960994,0.03527829666957705
14729,2020,54.55,183.111,18.850147,7,16077464.0,157.08459540406392,50.09724502977371,101.9,90.0,102.65,99.1,100.5,110.55,0.9888245883849436,-0.023878150729072622
14729,2021,82.49,287.7495,17.651993,0,14351489.0,157.08459540406392,50.09724502977371,100.0,100.0,100.0,100.025,100.025,100.0,-0.445111753818594,0.018649805715893697
14730,2018,42.49,86.96519,20.201262,20,17303172.0,117.79437001546252,42.88446493582184,93.1,96.7,94.2,99.3,96.425,101.7,-0.7813226957664483,0.03825534709051581
14730,2019,55.55,160.21149,18.835752,9,16133383.0,117.79437001546252,42.88446493582184,102.7,95.4,96.925,99.125,98.025,109.125,0.512349521247188,-0.02600675103704786
14730,2020,53.55,167.38223,19.171806,7,15988875.0,117.79437001546252,42.88446493582184,101.9,90.0,102.65,99.1,100.5,110.55,1.0458032800625006,0.004612571042204028
14730,2021,82.84,263.9682,17.981295,0,14411562.0,117.79437001546252,42.88446493582184,100.0,100.0,100.0,100.025,100.025,100.0,-0.4721817918268698,-0.009733523261052146
15003,2018,46.3,73.94666,19.934097,17,17293538.0,57.110934902069246,54.210621069505954,93.1,96.7,94.2,99.3,96.425,101.7,-0.7976427087747311,0.05762129461431442
15003,2019,56.92,168.39336,18.662046,11,15595295.0,57.110934902069246,54.210621069505954,102.7,95.4,96.925,99.125,98.025,109.125,0.5332902515492037,-0.1626818847881356
15003,2020,52.16,168.59001,18.726595,7,15440982.0,57.110934902069246,54.210621069505954,101.9,90.0,102.65,99.1,100.5,110.55,0.96856907859285,0.08750091073453192
15003,2021,74.13,214.76,17.946545,0,14014449.0,57.110934902069246,54.210621069505954,100.0,100.0,100.0,100.025,100.025,100.0,-0.37146566027149674,-0.0020148364212964065
15081,2018,44.29,83.15532,19.31892,12,17005250.0,54.594244413366845,42.174990313422974,93.1,96.7,94.2,99.3,96.425,101.7,-0.871528871143255,0.09066220446427065
15081,2019,55.17,187.32094,18.00919,9,14901373.0,54.594244413366845,42.174990313422974,102.7,95.4,96.925,99.125,98.025,109.125,0.577821948035421,-0.24376818594369754
15081,2020,59.09,175.07,17.944138,6,14904370.0,54.594244413366845,42.174990313422974,101.9,90.0,102.65,99.1,100.5,110.55,0.8956205381971927,0.1331670351356844
15081,2021,67.45,194.51437,17.635975,0,13543193.0,54.594244413366845,42.174990313422974,100.0,100.0,100.0,100.025,100.025,100.0,-0.26412286000635277,-0.026314635081770343
15082,2018,27.09,75.77895,20.051664,16,17375764.0,81.09998059478208,41.782683556499926,93.1,96.7,94.2,99.3,96.425,101.7,-0.7921492200840135,0.07845311895638307
15082,2019,38.75,165.74734,18.906927,10,15925625.0,81.09998059478208,41.782683556499926,102.7,95.4,96.925,99.125,98.025,109.125,0.5007299249088533,-0.12389967109416011
15082,2020,46.66,172.40738,18.938604,7,15669734.0,81.09998059478208,41.782683556499926,101.9,90.0,102.65,99.1,100.5,110.55,0.9977894885910246,0.051867555100545415
15082,2021,69.44,241.03525,18.046862,0,14272369.0,81.09998059478208,41.782683556499926,100.0,100.0,100.0,100.025,100.025,100.0,-0.43477740119777764,-0.011377744735905804
15083,2018,49.59,78.66227,19.468952,14,17340756.0,96.70173749572442,49.62776047125312,93.1,96.7,94.2,99.3,96.425,101.7,-0.8416012032261051,0.060653867000490136
15083,2019,53.64,161.08388,18.174206,9,15541156.0,96.70173749572442,49.62776047125312,102.7,95.4,96.925,99.125,98.025,109.125,0.5491691502310232,-0.18763164360524787
15083,2020,66.66,170.60161,18.191408,7,15435025.0,96.70173749572442,49.62776047125312,101.9,90.0,102.65,99.1,100.5,110.55,0.960351582951148,0.0979801275190697
15083,2021,74.19,205.68936,17.547459,0,13931997.0,96.70173749572442,49.62776047125312,100.0,100.0,100.0,100.025,100.025,100.0,-0.3323764820239603,-0.013586527142269933
15084,2018,53.81,92.119995,19.542042,15,17394992.0,195.5577132908131,57.6250155720462,93.1,96.7,94.2,99.3,96.425,101.7,-0.8091509999442792,0.1038779916024215
15084,2019,56.33,160.43944,18.348652,8,16324605.0,195.5577132908131,57.6250155720462,102.7,95.4,96.925,99.125,98.025,109.125,0.4431689973499715,-0.08848541370670315
15084,2020,61.99,183.51587,18.54352,5,16121799.0,195.5577132908131,57.6250155720462,101.9,90.0,102.65,99.1,100.5,110.55,0.9125817492976012,0.03743222264013202
15084,2021,83.19,287.44528,17.314692,0,14344284.0,195.5577132908131,57.6250155720462,100.0,100.0,100.0,100.025,100.025,100.0,-0.47516264582588974,0.08767013661624001
15085,2018,41.12,96.1569,18.356604,9,17471924.0,283.1943469339319,58.9768212184164,93.1,96.7,94.2,99.3,96.425,101.7,-0.9702369536512947,0.03444123063742377
15085,2019,51.89,165.25587,17.097988,3,15782017.0,283.1943469339319,58.9768212184164,102.7,95.4,96.925,99.125,98.025,109.125,0.38192969938961596,-0.0945970675975688
15085,2020,52.96,189.93689,17.208284,4,15564004.0,283.1943469339319,58.9768212184164,101.9,90.0,102.65,99.1,100.5,110.55,0.9286785123524623,0.0926843096346921
15085,2021,69.58,229.78206,16.479488,0,14116910.0,283.1943469339319,58.9768212184164,100.0,100.0,100.0,100.025,100.025,100.0,-0.34027036546615363,0.06239698181321174
15086,2018,44.32,73.8055,19.878622,15,17266864.0,57.07503225675692,40.29411328092959,93.1,96.7,94.2,99.3,96.425,101.7,-0.831015635629285,0.08680150123288466
15086,2019,45.8,178.597,18.56947,10,15487224.0,57.07503225675692,40.29411328092959,102.7,95.4,96.925,99.125,98.025,109.125,0.5875536419965783,-0.17744234832410122
15086,2020,54.28,177.1775,18.621075,6,15366877.0,57.07503225675692,40.29411328092959,101.9,90.0,102.65,99.1,100.5,110.55,1.0008495501918446,0.10261698252133677
15086,2021,69.04,219.63152,17.890928,0,13987789.0,57.07503225675692,40.29411328092959,100.0,100.0,100.0,100.025,100.025,100.0,-0.37294323448827527,-0.05201981630055952
15087,2018,47.55,84.013336,18.997053,12,17364652.0,245.61759723344343,58.864698828747045,93.1,96.7,94.2,99.3,96.425,101.7,-0.7963427294262146,0.10116299737862389
15087,2019,59.88,155.1311,17.851534,7,16025085.0,245.61759723344343,58.864698828747045,102.7,95.4,96.925,99.125,98.025,109.125,0.43372717160644925,-0.12999273698121772
15087,2020,56.85,176.9161,17.990198,5,15694938.0,245.61759723344343,58.864698828747045,101.9,90.0,102.65,99.1,100.5,110.55,0.8677314691459515,0.07746789039941215
15087,2021,79.04,230.06389,17.05735,0,14280113.0,245.61759723344343,58.864698828747045,100.0,100.0,100.0,100.025,100.025,100.0,-0.43721518504491996,0.10564359126629075
15088,2018,36.26,83.183685,19.89691,17,17353310.0,136.769353440071,53.86927127553489,93.1,96.7,94.2,99.3,96.425,101.7,-0.7943301743989082,0.1033739459205052
15088,2019,43.68,151.30159,18.787312,10,16151347.0,136.769353440071,53.86927127553489,102.7,95.4,96.925,99.125,98.025,109.125,0.46152649053823325,-0.11196874602281637
15088,2020,53.32,173.4421,18.901312,7,15867761.0,136.769353440071,53.86927127553489,101.9,90.0,102.65,99.1,100.5,110.55,0.9220645319599612,0.047822666902881616
15088,2021,76.5,254.29683,17.82489,0,14330468.0,136.769353440071,53.86927127553489,100.0,100.0,100.0,100.025,100.025,100.0,-0.433149803266474,0.06542477377288902
15089,2018,36.49,75.35687,19.826183,17,17431854.0,87.64581510218584,54.72523792760443,93.1,96.7,94.2,99.3,96.425,101.7,-0.8019731251432063,0.05840409290492654
15089,2019,44.07,160.56812,18.663675,10,15886641.0,87.64581510218584,54.72523792760443,102.7,95.4,96.925,99.125,98.025,109.125,0.5086116164836767,-0.15549474425366216
15089,2020,47.64,168.24501,18.73631,7,15639802.0,87.64581510218584,54.72523792760443,101.9,90.0,102.65,99.1,100.5,110.55,0.961687147913949,0.07027597192156332
15089,2021,62.76,221.1325,17.866137,0,14236531.0,87.64581510218584,54.72523792760443,100.0,100.0,100.0,100.025,100.025,100.0,-0.3974036552809821,0.03495316327455367
15090,2018,44.64,77.78251,19.555243,14,17143910.0,35.61396156430523,37.76264303725175,93.1,96.7,94.2,99.3,96.425,101.7,-0.8526337916659372,0.11337052261868785
15090,2019,48.78,185.91464,18.203253,8,15040856.0,35.61396156430523,37.76264303725175,102.7,95.4,96.925,99.125,98.025,109.125,0.6067817765392078,-0.24285326151212827
15090,2020,66.67,181.06322,18.22241,7,15062525.0,35.61396156430523,37.76264303725175,101.9,90.0,102.65,99.1,100.5,110.55,0.9286533965033641,0.1360625187076565
15090,2021,70.68,202.60394,17.813719,0,13789561.0,35.61396156430523,37.76264303725175,100.0,100.0,100.0,100.025,100.025,100.0,-0.3512262268528161,-0.04086653507022553
15091,2018,30.86,83.69384,20.142664,19,17293178.0,94.13399078409,38.79986127633599,93.1,96.7,94.2,99.3,96.425,101.7,-0.7814051121954435,0.05491083277895337
15091,2019,48.9,163.39961,18.895153,10,15878795.0,94.13399078409,38.79986127633599,102.7,95.4,96.925,99.125,98.025,109.125,0.5756188983964989,-0.11304653377156526
15091,2020,59.71,172.08002,18.997347,8,15632931.0,94.13399078409,38.79986127633599,101.9,90.0,102.65,99.1,100.5,110.55,1.0225125986071362,0.061974281396551145
15091,2021,67.21,249.8627,18.027956,0,14181965.0,94.13399078409,38.79986127633599,100.0,100.0,100.0,100.025,100.025,100.0,-0.4442746676645015,-0.04844576915324006
16051,2018,47.92,111.79,19.16495,14,17420990.0,247.10317176604275,58.24566985599352,93.1,96.7,94.2,99.3,96.425,101.7,-0.8258516536664047,0.08298356395683815
16051,2019,57.62,155.2,18.075663,7,16233862.0,247.10317176604275,58.24566985599352,102.7,95.4,96.925,99.125,98.025,109.125,0.3920786458049861,-0.060597405622105804
16051,2020,60.49,175.53,18.281942,6,16003757.0,247.10317176604275,58.24566985599352,101.9,90.0,102.65,99.1,100.5,110.55,0.8550121669027817,0.07763050444686526
16051,2021,68.77,294.77997,17.038244,0,14245756.0,247.10317176604275,58.24566985599352,100.0,100.0,100.0,100.025,100.025,100.0,-0.5486784954480868,0.059549063048231377
16052,2018,62.59,95.75001,19.192114,14,17233158.0,266.0037717300465,55.77280584513514,93.1,96.7,94.2,99.3,96.425,101.7,-0.7863776192956493,0.09380734996496232
16052,2019,86.47,190.02002,17.888725,5,16265443.0,266.0037717300465,55.77280584513514,102.7,95.4,96.925,99.125,98.025,109.125,0.4348576831879427,-0.025828285202861734
16052,2020,79.79,203.82999,18.129246,5,16171218.0,266.0037717300465,55.77280584513514,101.9,90.0,102.65,99.1,100.5,110.55,0.9078497852526652,-0.003036422291084362
16052,2021,87.81,336.13,16.858889,0,14170861.0,266.0037717300465,55.77280584513514,100.0,100.0,100.0,100.025,100.025,100.0,-0.4845262768968155,0.10936689656217591
16061,2019,69.35,160.61461,16.674122,3,15687663.0,346.8863602410155,56.91366926795253,102.7,95.4,96.925,99.125,98.025,109.125,0.40885596941876656,-0.10190014527375157
16061,2020,70.09,182.81459,16.886335,3,15478317.0,346.8863602410155,56.91366926795253,101.9,90.0,102.65,99.1,100.5,110.55,0.8239399368659406,0.13466264977910636
16061,2021,75.32,228.82307,16.00285,0,13980779.0,346.8863602410155,56.91366926795253,100.0,100.0,100.0,100.025,100.025,100.0,-0.3447995413787339,-0.025426129104155537
16062,2018,43.37,98.218,18.131155,9,17569898.0,287.5644480155212,55.89379781697348,93.1,96.7,94.2,99.3,96.425,101.7,-0.8651307017939303,0.0432458923620902
16062,2019,71.53,160.957,16.793415,2,15925850.0,287.5644480155212,55.89379781697348,102.7,95.4,96.925,99.125,98.025,109.125,0.39793751645760267,-0.1094712201747765
16062,2020,69.8,179.15201,17.039082,4,15643673.0,287.5644480155212,55.89379781697348,101.9,90.0,102.65,99.1,100.5,110.55,0.8391989939095765,0.1329661820866106
16062,2021,66.01,212.35602,16.101274,0,14250166.0,287.5644480155212,55.89379781697348,100.0,100.0,100.0,100.025,100.025,100.0,-0.3774039477538622,-0.00024416575441155164
16063,2018,66.57,108.078,18.308165,8,17719088.0,356.1552828377808,55.30591591571282,93.1,96.7,94.2,99.3,96.425,101.7,-0.7941285902170989,0.07365546310809279
16063,2019,77.28,152.462,16.814375,3,16039595.0,356.1552828377808,55.30591591571282,102.7,95.4,96.925,99.125,98.025,109.125,0.46647984572473433,-0.09148483322665091
16063,2020,77.42,168.83,17.176285,4,15795691.0,356.1552828377808,55.30591591571282,101.9,90.0,102.65,99.1,100.5,110.55,0.7858860034197619,0.12579661329291292
16063,2021,79.16,274.51804,16.016834,0,14118282.0,356.1552828377808,55.30591591571282,100.0,100.0,100.0,100.025,100.025,100.0,-0.3986331993268095,-0.003473598884495166
16064,2018,51.44,100.506,18.818066,13,17672268.0,288.48125861461494,57.97816110990006,93.1,96.7,94.2,99.3,96.425,101.7,-0.7476544866756285,0.05395352072640813
16064,2019,66.03,140.83467,17.352188,5,16052179.0,288.48125861461494,57.97816110990006,102.7,95.4,96.925,99.125,98.025,109.125,0.4113586499229882,-0.12422183593114977
16064,2020,66.28,170.50467,17.643692,5,15807160.0,288.48125861461494,57.97816110990006,101.9,90.0,102.65,99.1,100.5,110.55,0.775766485167992,0.139965719880226
16064,2021,73.32,223.89401,16.522528,0,14244616.0,288.48125861461494,57.97816110990006,100.0,100.0,100.0,100.025,100.025,100.0,-0.43973357850501316,0.036949302509737825
16065,2018,50.35,90.93846,19.058966,13,17507042.0,255.3944509348272,57.7760652335081,93.1,96.7,94.2,99.3,96.425,101.7,-0.7537087287397526,0.059487096952480556
16065,2019,49.45,145.99077,17.832808,7,16146609.0,255.3944509348272,57.7760652335081,102.7,95.4,96.925,99.125,98.025,109.125,0.41529628961012577,-0.13257247107458325
16065,2020,64.61,169.13385,18.049196,5,15851782.0,255.3944509348272,57.7760652335081,101.9,90.0,102.65,99.1,100.5,110.55,0.7814996747351302,0.11487034366095461
16065,2021,76.77,228.16766,16.985306,0,14348903.0,255.3944509348272,57.7760652335081,100.0,100.0,100.0,100.025,100.025,100.0,-0.49519435110192944,0.0831999146520841
16066,2018,58.28,113.75294,17.623201,4,17559772.0,471.66110006503663,59.29756782040675,93.1,96.7,94.2,99.3,96.425,101.7,-0.8851325460018984,0.08256940304685534
16066,2019,69.81,175.64,16.303883,3,16175537.0,471.66110006503663,59.29756782040675,102.7,95.4,96.925,99.125,98.025,109.125,0.48859160820165926,-0.08341158066706889
16067,2018,56.87,113.66819,18.333948,7,17578616.0,385.15297235244526,59.65989891892316,93.1,96.7,94.2,99.3,96.425,101.7,-0.8638353787170558,0.07546538091936372
16067,2019,63.8,160.20454,17.021336,3,16190045.0,385.15297235244526,59.65989891892316,102.7,95.4,96.925,99.125,98.025,109.125,0.4074746587455138,-0.057219343819548296
16067,2020,58.98,180.02272,17.291557,5,15961273.0,385.15297235244526,59.65989891892316,101.9,90.0,102.65,99.1,100.5,110.55,0.882286251833591,0.10203052405996171
16067,2021,72.15,283.23636,16.080734,0,14223850.0,385.15297235244526,59.65989891892316,100.0,100.0,100.0,100.025,100.025,100.0,-0.5164875353715956,0.029639099889541054
16068,2018,44.3,90.750916,19.494701,14,17395872.0,182.7582739898777,56.81968900391705,93.1,96.7,94.2,99.3,96.425,101.7,-0.7395593211761025,0.0765310507174235
16068,2019,46.11,134.2518,18.355146,9,16159437.0,182.7582739898777,56.81968900391705,102.7,95.4,96.925,99.125,98.025,109.125,0.41014767135192187,-0.1377339576936476
16068,2020,59.6,159.28181,18.558641,6,15890652.0,182.7582739898777,56.81968900391705,101.9,90.0,102.65,99.1,100.5,110.55,0.7843207186786572,0.10060191817029618
16068,2021,80.24,243.69273,17.335499,0,14277152.0,182.7582739898777,56.81968900391705,100.0,100.0,100.0,100.025,100.025,100.0,-0.5355954879517526,0.0875938263179783
16070,2018,63.03,120.020004,17.923738,5,17422302.0,491.93560482323153,60.49259630510207,93.1,96.7,94.2,99.3,96.425,101.7,-0.9206511048588482,0.08713417053530614
16070,2021,69.69,308.97,15.791168,0,14189170.0,491.93560482323153,60.49259630510207,102.7,95.4,96.925,99.125,98.025,109.125,-0.5558204661836044,0.012163466905401599
16071,2018,58.91,98.72778,19.01037,10,17324214.0,298.83041021743145,56.61191675710935,93.1,96.7,94.2,99.3,96.425,101.7,-0.7946828246379596,0.0998187546363154
16071,2019,58.65,143.5789,17.955025,6,16246392.0,298.83041021743145,56.61191675710935,102.7,95.4,96.925,99.125,98.025,109.125,0.4262775153000007,-0.07999761457307497
16071,2020,62.34,168.20332,18.16073,5,16032033.0,298.83041021743145,56.61191675710935,101.9,90.0,102.65,99.1,100.5,110.55,0.8398288029523542,0.04617617018493636
16071,2021,80.77,300.5878,16.849098,0,14227321.0,298.83041021743145,56.61191675710935,100.0,100.0,100.0,100.025,100.025,100.0,-0.5265505276680074,0.12225042454029134
16074,2018,61.59,98.716675,19.057423,13,17219250.0,293.8711554302379,56.34634215180621,93.1,96.7,94.2,99.3,96.425,101.7,-0.8132983175069626,0.09965093066555109
16074,2019,67.75,164.68,17.88972,5,16219310.0,293.8711554302379,56.34634215180621,102.7,95.4,96.925,99.125,98.025,109.125,0.44064261744489386,-0.06459872720263748
16074,2020,68.96,182.26335,18.148726,5,16075484.0,293.8711554302379,56.34634215180621,101.9,90.0,102.65,99.1,100.5,110.55,0.8809783915509684,0.01998511120190427
16074,2021,79.72,326.87997,16.784517,0,14121568.0,293.8711554302379,56.34634215180621,100.0,100.0,100.0,100.025,100.025,100.0,-0.49680981999318874,0.12815100856827466
16075,2018,54.88,104.91072,17.879808,4,17151980.0,473.78533538472414,53.56651124174638,93.1,96.7,94.2,99.3,96.425,101.7,-0.817293545210589,0.10939222399050474
16075,2019,54.3,185.98643,16.76105,2,16117632.0,473.78533538472414,53.56651124174638,102.7,95.4,96.925,99.125,98.025,109.125,0.43992231176542873,-0.003066151802798567
16075,2020,71.78,205.34145,16.988825,4,16031041.0,473.78533538472414,53.56651124174638,101.9,90.0,102.65,99.1,100.5,110.55,0.8849582009696633,0.028546302593197792
16075,2021,77.53,343.03714,15.710445,0,13903172.0,473.78533538472414,53.56651124174638,100.0,100.0,100.0,100.025,100.025,100.0,-0.5037855794694792,0.1205151141081322
16076,2018,63.3,93.37728,18.851847,8,17183596.0,345.58282326892333,51.81728158176075,93.1,96.7,94.2,99.3,96.425,101.7,-0.784049092629516,0.1004596473129924
16076,2019,72.54,191.40363,17.59908,2,16194856.0,345.58282326892333,51.81728158176075,102.7,95.4,96.925,99.125,98.025,109.125,0.4364372790692528,0.010609922642032643
16076,2020,63.28,202.7291,17.825647,5,16126739.0,345.58282326892333,51.81728158176075,101.9,90.0,102.65,99.1,100.5,110.55,0.8936773679462817,0.004353469212988514
16076,2021,85.37,341.5118,16.559809,0,14048493.0,345.58282326892333,51.81728158176075,100.0,100.0,100.0,100.025,100.025,100.0,-0.49039436423913685,0.1026172102089642
16077,2018,63.48,86.130005,19.38019,15,17232184.0,227.83220903103785,53.35449963023861,93.1,96.7,94.2,99.3,96.425,101.7,-0.8042689758818256,0.07092128993403501
16077,2019,74.37,182.01997,18.111492,6,16259356.0,227.83220903103785,53.35449963023861,102.7,95.4,96.925,99.125,98.025,109.125,0.4133243335066936,0.056302754368925845
16077,2020,69.92,198.43999,18.336885,5,16191942.0,227.83220903103785,53.35449963023861,101.9,90.0,102.65,99.1,100.5,110.55,0.9289688448123457,-0.02240215917107058
16077,2021,85.9,321.12,17.109478,0,14222829.0,227.83220903103785,53.35449963023861,100.0,100.0,100.0,100.025,100.025,100.0,-0.46627392462869466,0.08062243304502248
