district_no,district,nuts_id,year,area,yield,precip_total_peak_growth,temp_mean_peak_growth,heat_stress_days_peak_growth,temp_mean_early_growth,solar_rad_peak_growth
01002,"Kiel, kreisfreie Stadt",DEF02,2020,45.0,,163.92,16.385443,0,13.658837,1.4690161e+07
01003,"Lübeck, kreisfreie Stadt",DEF03,2020,105.0,,162.95335,16.952524,1,14.206034,1.4895603e+07
01051,"Dithmarschen, Landkreis",DEF05,2017,,75.65,340.12796,15.87733,0,14.545892,1.4153486e+07
01051,"Dithmarschen, Landkreis",DEF05,2018,,67.25,127.0535,17.749714,3,16.353191,1.6386463e+07
01051,"Dithmarschen, Landkreis",DEF05,2019,,86.17,257.27298,16.926172,3,14.248692,1.4977523e+07
01051,"Dithmarschen, Landkreis",DEF05,2020,2059.0,81.5,191.58801,16.793993,3,13.966193,1.5106671e+07
01051,"Dithmarschen, Landkreis",DEF05,2021,,89.82,252.6615,17.03226,0,13.911452,1.4492836e+07
01053,"Herzogtum Lauenburg, Landkreis",DEF06,2017,,79.43,303.2144,16.000898,0,15.130373,1.336372e+07
01053,"Herzogtum Lauenburg, Landkreis",DEF06,2018,,64.67,96.13779,18.293072,10,16.816832,1.6319521e+07
01053,"Herzogtum Lauenburg, Landkreis",DEF06,2019,,88.08,206.53331,17.122381,3,15.124663,1.4374707e+07
01053,"Herzogtum Lauenburg, Landkreis",DEF06,2020,1734.0,75.49,172.70499,17.105925,4,14.541278,1.4753414e+07
01053,"Herzogtum Lauenburg, Landkreis",DEF06,2021,,81.98,209.7589,17.151037,0,14.769795,1.3621645e+07
01054,"Nordfriesland, Landkreis",DEF07,2018,,70.93,168.00699,17.512829,1,15.883878,1.6434328e+07
01054,"Nordfriesland, Landkreis",DEF07,2019,,99.18,290.61267,16.745434,0,13.78195,1.502234e+07
01054,"Nordfriesland, Landkreis",DEF07,2020,649.0,88.57,213.30498,16.65996,0,13.639533,1.5279665e+07
01054,"Nordfriesland, Landkreis",DEF07,2021,,93.31,256.65134,16.923311,0,13.324868,1.4724028e+07
01055,"Ostholstein, Landkreis",DEF08,2020,354.0,,174.74898,16.813427,0,13.865033,1.5240664e+07
01057,"Plön, Landkreis",DEF0A,2020,372.0,,174.51135,16.547876,0,13.715433,1.4777814e+07
01058,"Rendsburg-Eckernförde, Landkreis",DEF0B,2017,,74.04,305.47137,15.617021,0,14.47043,1.3673043e+07
01058,"Rendsburg-Eckernförde, Landkreis",DEF0B,2018,,74.42,118.95138,17.634565,5,16.051552,1.6094589e+07
01058,"Rendsburg-Eckernförde, Landkreis",DEF0B,2019,,83.81,234.00311,16.58614,2,14.108966,1.4502322e+07
01058,"Rendsburg-Eckernförde, Landkreis",DEF0B,2020,1395.0,81.04,171.45691,16.506718,0,13.821274,1.4778614e+07
01058,"Rendsburg-Eckernförde, Landkreis",DEF0B,2021,,81.67,236.9962,16.814352,0,13.956355,1.4044374e+07
01059,"Schleswig-Flensburg, Landkreis",DEF0C,2017,,74.21,347.24734,15.437901,0,14.144549,1.3886399e+07
01059,"Schleswig-Flensburg, Landkreis",DEF0C,2018,,76.15,133.82068,17.379166,2,15.773316,1.6100814e+07
01059,"Schleswig-Flensburg, Landkreis",DEF0C,2019,,83.37,262.75266,16.42672,0,13.764474,1.4565299e+07
01059,"Schleswig-Flensburg, Landkreis",DEF0C,2020,1207.0,83.2,180.57063,16.308022,0,13.603547,1.4849913e+07
01059,"Schleswig-Flensburg, Landkreis",DEF0C,2021,,81.92,240.12599,16.675528,0,13.545813,1.4188758e+07
01060,"Segeberg, Landkreis",DEF0D,2017,,78.3,286.70526,15.782273,0,14.806738,1.3342904e+07
01060,"Segeberg, Landkreis",DEF0D,2018,,57.12,103.40789,17.92072,9,16.456121,1.6029863e+07
01060,"Segeberg, Landkreis",DEF0D,2019,,87.71,222.24788,16.811007,3,14.552205,1.4299665e+07
01060,"Segeberg, Landkreis",DEF0D,2020,1004.0,76.03,167.74579,16.772795,5,14.17349,1.4653286e+07
01060,"Segeberg, Landkreis",DEF0D,2021,,82.84,230.36739,16.96342,0,14.339193,1.3734829e+07
01061,"Steinburg, Landkreis",DEF0E,2017,,72.7,316.46848,15.8413315,0,14.868779,1.3581789e+07
01061,"Steinburg, Landkreis",DEF0E,2018,,65.86,111.71308,17.858156,7,16.688988,1.6091189e+07
01061,"Steinburg, Landkreis",DEF0E,2019,,82.63,231.1923,16.875362,3,14.542557,1.4556946e+07
01061,"Steinburg, Landkreis",DEF0E,2020,536.0,79.2,176.44615,16.822771,7,14.234939,1.4727829e+07
01061,"Steinburg, Landkreis",DEF0E,2021,,76.46,244.44383,17.01466,0,14.2987585,1.400181e+07
01062,"Stormarn, Landkreis",DEF0F,2020,335.0,,173.59499,16.85649,3,14.342737,1.4775719e+07
03101,"Braunschweig, kreisfreie Stadt",DE911,2017,,76.84,320.5467,16.623232,0,15.896208,1.3767091e+07
03101,"Braunschweig, kreisfreie Stadt",DE911,2018,,69.5,98.136665,19.130045,12,17.474417,1.7130384e+07
03101,"Braunschweig, kreisfreie Stadt",DE911,2019,,72.34,144.08665,17.990467,9,15.819146,1.5128691e+07
03101,"Braunschweig, kreisfreie Stadt",DE911,2020,689.0,72.26,179.58334,17.839859,5,14.887779,1.5071155e+07
03101,"Braunschweig, kreisfreie Stadt",DE911,2021,,77.36,202.65668,17.343088,0,15.434853,1.359658e+07
03102,"Salzgitter, kreisfreie Stadt",DE912,2017,,89.36,343.9,16.665478,0,15.943618,1.3865767e+07
03102,"Salzgitter, kreisfreie Stadt",DE912,2018,,65.23,105.225,19.07748,12,17.281927,1.7267506e+07
03102,"Salzgitter, kreisfreie Stadt",DE912,2019,,77.05,151.57999,17.950722,9,15.736161,1.5232918e+07
03102,"Salzgitter, kreisfreie Stadt",DE912,2020,2334.0,80.29,193.005,17.837185,5,14.846191,1.5149956e+07
03102,"Salzgitter, kreisfreie Stadt",DE912,2021,,90.78,230.805,17.297213,0,15.437936,1.3714271e+07
03103,"Wolfsburg, kreisfreie Stadt",DE913,2017,,78.2,309.64,16.686531,0,15.946728,1.3656565e+07
03103,"Wolfsburg, kreisfreie Stadt",DE913,2018,,44.63,93.85,19.218538,12,17.589424,1.7042336e+07
03103,"Wolfsburg, kreisfreie Stadt",DE913,2020,595.0,74.78,180.39,17.909199,5,14.926421,1.5027343e+07
03151,"Gifhorn, Landkreis",DE914,2017,,80.12,321.3604,16.552269,0,15.876929,1.3573518e+07
03151,"Gifhorn, Landkreis",DE914,2018,,75.15,98.215004,19.136011,12,17.674286,1.688018e+07
03151,"Gifhorn, Landkreis",DE914,2019,,74.67,167.38182,17.967564,9,15.982618,1.4868786e+07
03151,"Gifhorn, Landkreis",DE914,2020,6407.0,77.81,185.77637,17.794249,6,15.039328,1.4820814e+07
03151,"Gifhorn, Landkreis",DE914,2021,,80.22,194.92955,17.436302,0,15.524002,1.3361773e+07
03153,"Goslar, Landkreis",DE916,2017,,85.69,355.635,14.889756,0,14.304488,1.370372e+07
03153,"Goslar, Landkreis",DE916,2018,,63.27,110.627495,17.292974,2,15.419658,1.716981e+07
03153,"Goslar, Landkreis",DE916,2019,,79.57,167.03334,16.0621,2,13.953167,1.5139928e+07
03153,"Goslar, Landkreis",DE916,2020,3001.0,79.79,207.82501,16.062916,2,13.008805,1.4997075e+07
03153,"Goslar, Landkreis",DE916,2021,,85.36,260.13004,15.399467,0,13.69239,1.3576121e+07
03154,"Helmstedt, Landkreis",DE917,2017,,78.37,293.3538,16.520273,0,15.718594,1.3809555e+07
03154,"Helmstedt, Landkreis",DE917,2018,,53.7,84.06375,19.077482,12,17.359377,1.7178296e+07
03154,"Helmstedt, Landkreis",DE917,2019,,68.84,147.41626,17.858456,9,15.750213,1.5293446e+07
03154,"Helmstedt, Landkreis",DE917,2020,5082.0,69.86,174.54874,17.77447,5,14.687617,1.5217455e+07
03154,"Helmstedt, Landkreis",DE917,2021,,76.06,197.58624,17.226381,0,15.303548,1.3657848e+07
03155,"Northeim, Landkreis",DE918,2017,,88.15,365.57532,15.893147,0,15.390724,1.3849223e+07
03155,"Northeim, Landkreis",DE918,2018,,83.05,115.90235,18.250153,9,16.383282,1.7409952e+07
03155,"Northeim, Landkreis",DE918,2019,,81.1,164.82704,16.95048,4,14.825593,1.5158694e+07
03155,"Northeim, Landkreis",DE918,2020,4867.0,88.53,203.95412,16.910269,2,14.028285,1.5023238e+07
03155,"Northeim, Landkreis",DE918,2021,,85.12,250.49939,16.34048,0,14.6795635,1.3664557e+07
03157,"Peine, Landkreis",DE91A,2017,,84.09,332.90427,16.695044,0,16.010084,1.3807135e+07
03157,"Peine, Landkreis",DE91A,2018,,69.87,103.32286,19.157343,12,17.513088,1.7155536e+07
03157,"Peine, Landkreis",DE91A,2019,,69.48,146.12715,18.085793,9,15.861959,1.5113266e+07
03157,"Peine, Landkreis",DE91A,2020,5624.0,79.48,178.73001,17.912767,5,15.009414,1.5049345e+07
03157,"Peine, Landkreis",DE91A,2021,,81.71,205.17714,17.423786,0,15.519972,1.3645038e+07
03158,"Wolfenbüttel, Landkreis",DE91B,2017,,82.78,337.06726,16.524563,0,15.776413,1.3894535e+07
03158,"Wolfenbüttel, Landkreis",DE91B,2018,,63.9,102.60728,18.937078,12,17.110954,1.7305284e+07
03158,"Wolfenbüttel, Landkreis",DE91B,2019,,77.95,154.05182,17.77711,9,15.585911,1.5329231e+07
03158,"Wolfenbüttel, Landkreis",DE91B,2020,8122.0,74.97,194.0091,17.68932,5,14.633143,1.5232778e+07
03158,"Wolfenbüttel, Landkreis",DE91B,2021,,81.17,230.54182,17.12999,0,15.278008,1.375488e+07
03241,"Region Hannover, Landkreis",DE929,2017,,85.45,357.01422,16.545612,0,15.920997,1.3727951e+07
03241,"Region Hannover, Landkreis",DE929,2018,,74.81,114.14903,18.9071,12,17.380135,1.6978368e+07
03241,"Region Hannover, Landkreis",DE929,2019,,74.78,162.20451,18.020483,9,15.687535,1.4925418e+07
03241,"Region Hannover, Landkreis",DE929,2020,10315.0,82.52,182.18709,17.794092,6,14.988842,1.4820319e+07
03241,"Region Hannover, Landkreis",DE929,2021,,84.76,215.1984,17.345615,0,15.32297,1.3614266e+07
03251,"Diepholz, Landkreis",DE922,2017,,83.6,299.13556,16.386196,0,15.828455,1.3546081e+07
03251,"Diepholz, Landkreis",DE922,2018,,53.63,100.83963,18.604012,11,17.21437,1.6547812e+07
03251,"Diepholz, Landkreis",DE922,2019,,62.66,200.88,17.700487,8,15.456642,1.4622417e+07
03251,"Diepholz, Landkreis",DE922,2020,2046.0,77.31,196.90517,17.456343,7,14.879917,1.4363905e+07
03251,"Diepholz, Landkreis",DE922,2021,,81.42,232.92517,17.229515,0,14.916596,1.3647034e+07
03252,"Hameln-Pyrmont, Landkreis",DE923,2017,,86.76,385.91635,16.067738,0,15.492173,1.3856238e+07
03252,"Hameln-Pyrmont, Landkreis",DE923,2018,,78.89,135.20091,18.26215,8,16.586773,1.7239142e+07
03252,"Hameln-Pyrmont, Landkreis",DE923,2019,,83.27,171.57092,17.332008,7,15.02464,1.5060255e+07
03252,"Hameln-Pyrmont, Landkreis",DE923,2020,3610.0,88.27,204.00272,17.152218,2,14.371564,1.4911296e+07
03252,"Hameln-Pyrmont, Landkreis",DE923,2021,,86.29,256.68002,16.63136,0,14.742994,1.3753277e+07
03254,"Hildesheim, Landkreis",DE925,2017,,85.16,368.97995,16.21497,0,15.589729,1.3908189e+07
03254,"Hildesheim, Landkreis",DE925,2018,,71.17,114.610664,18.582714,10,16.77063,1.7324002e+07
03254,"Hildesheim, Landkreis",DE925,2019,,77.85,154.09267,17.47395,9,15.209286,1.5154226e+07
03254,"Hildesheim, Landkreis",DE925,2020,11822.0,83.99,192.98334,17.307262,2,14.392389,1.5060927e+07
03254,"Hildesheim, Landkreis",DE925,2021,,86.11,236.38266,16.807877,0,14.992322,1.3757799e+07
03255,"Holzminden, Landkreis",DE926,2017,,83.56,390.65335,15.881039,0,15.366236,1.3801528e+07
03255,"Holzminden, Landkreis",DE926,2018,,65.97,132.78,18.160149,9,16.41262,1.7276632e+07
03255,"Holzminden, Landkreis",DE926,2019,,80.49,167.84998,17.054688,5,14.831082,1.5045382e+07
03255,"Holzminden, Landkreis",DE926,2020,1372.0,87.83,210.47556,16.903654,2,14.111308,1.4912426e+07
03255,"Holzminden, Landkreis",DE926,2021,,83.03,258.93222,16.396511,0,14.633817,1.3659712e+07
03256,"Nienburg (Weser), Landkreis",DE927,2017,,87.24,319.55334,16.52793,0,15.949549,1.3588253e+07
03256,"Nienburg (Weser), Landkreis",DE927,2018,,69.71,105.71944,18.805254,11,17.375132,1.6710044e+07
03256,"Nienburg (Weser), Landkreis",DE927,2019,,71.95,187.36833,17.951899,8,15.652869,1.4683693e+07
03256,"Nienburg (Weser), Landkreis",DE927,2020,1698.0,77.37,189.63002,17.70244,7,15.066542,1.4507581e+07
03256,"Nienburg (Weser), Landkreis",DE927,2021,,83.89,219.55275,17.355438,0,15.169443,1.3575263e+07
03257,"Schaumburg, Landkreis",DE928,2017,,85.22,353.55798,16.388586,0,15.80475,1.3805511e+07
03257,"Schaumburg, Landkreis",DE928,2018,,72.22,120.98499,18.636616,10,17.056398,1.7063628e+07
03257,"Schaumburg, Landkreis",DE928,2019,,75.62,173.10399,17.796331,8,15.432237,1.4935939e+07
03257,"Schaumburg, Landkreis",DE928,2020,1777.0,85.25,190.479,17.528894,5,14.80398,1.4762026e+07
03257,"Schaumburg, Landkreis",DE928,2021,,83.77,225.90703,17.059004,0,15.033354,1.3753653e+07
03351,"Celle, Landkreis",DE931,2017,,81.07,352.4065,16.381344,0,15.830486,1.337466e+07
03351,"Celle, Landkreis",DE931,2018,,69.04,103.2655,18.90065,14,17.583866,1.6591691e+07
03351,"Celle, Landkreis",DE931,2019,,65.67,175.64899,17.828472,9,15.798734,1.4650579e+07
03351,"Celle, Landkreis",DE931,2020,2554.0,74.43,187.975,17.643023,6,15.017607,1.4570336e+07
03351,"Celle, Landkreis",DE931,2021,,77.86,205.612,17.334488,0,15.372673,1.3209849e+07
03353,"Harburg, Landkreis",DE933,2017,,77.59,321.01788,16.03215,0,15.347108,1.32778e+07
03353,"Harburg, Landkreis",DE933,2018,,65.77,93.78369,18.334238,10,17.13388,1.6175608e+07
03353,"Harburg, Landkreis",DE933,2019,,68.87,207.13263,17.220142,6,15.210558,1.4438346e+07
03353,"Harburg, Landkreis",DE933,2020,1064.0,76.9,181.62317,17.1389,7,14.721443,1.4543343e+07
03353,"Harburg, Landkreis",DE933,2021,,68.08,209.02528,17.138037,0,14.840142,1.3448191e+07
03354,"Lüchow-Dannenberg, Landkreis",DE934,2017,,85.53,303.17377,16.571764,0,15.810322,1.3473998e+07
03354,"Lüchow-Dannenberg, Landkreis",DE934,2018,,67.42,79.80937,19.074095,12,17.660925,1.6698017e+07
03354,"Lüchow-Dannenberg, Landkreis",DE934,2019,,73.64,193.985,17.788877,9,16.113659,1.4517991e+07
03354,"Lüchow-Dannenberg, Landkreis",DE934,2020,2308.0,76.04,178.51564,17.707804,5,15.117446,1.4583107e+07
03354,"Lüchow-Dannenberg, Landkreis",DE934,2021,,79.16,193.91814,17.557178,0,15.662677,1.3331694e+07
03355,"Lüneburg, Landkreis",DE935,2017,,75.58,323.3328,16.261425,0,15.562355,1.3343737e+07
03355,"Lüneburg, Landkreis",DE935,2018,,68.11,84.74944,18.713203,12,17.360193,1.6429867e+07
03355,"Lüneburg, Landkreis",DE935,2019,,76.38,202.59334,17.502949,7,15.677278,1.4421837e+07
03355,"Lüneburg, Landkreis",DE935,2020,3399.0,75.45,177.94556,17.407482,5,14.904737,1.4598347e+07
03355,"Lüneburg, Landkreis",DE935,2021,,77.89,192.58221,17.385769,0,15.244972,1.3376472e+07
03357,"Rotenburg (Wümme), Landkreis",DE937,2017,,88.53,301.60342,16.159714,0,15.484962,1.3360309e+07
03357,"Rotenburg (Wümme), Landkreis",DE937,2018,,50.52,101.04769,18.303785,10,17.148731,1.6221466e+07
03357,"Rotenburg (Wümme), Landkreis",DE937,2019,,71.66,216.04422,17.298883,6,15.16506,1.4539123e+07
03357,"Rotenburg (Wümme), Landkreis",DE937,2020,1158.0,68.88,194.70155,17.20049,7,14.670105,1.4450413e+07
03357,"Rotenburg (Wümme), Landkreis",DE937,2021,,86.33,229.06577,17.149925,0,14.721244,1.3589427e+07
03358,Heidekreis,DE938,2017,,84.89,352.77838,16.174305,0,15.613552,1.3295231e+07
03358,Heidekreis,DE938,2018,,65.29,97.7944,18.581532,10,17.335548,1.6401251e+07
03358,Heidekreis,DE938,2019,,68.44,193.342,17.51182,8,15.470737,1.4541501e+07
03358,Heidekreis,DE938,2020,1381.0,79.94,188.34042,17.375055,7,14.807176,1.4456608e+07
03358,Heidekreis,DE938,2021,,76.3,218.5288,17.13233,0,15.013426,1.3232086e+07
03359,"Stade, Landkreis",DE939,2017,,72.99,296.27313,16.012226,0,15.159636,1.345855e+07
03359,"Stade, Landkreis",DE939,2018,,70.55,103.94564,18.069891,9,16.93627,1.615664e+07
03359,"Stade, Landkreis",DE939,2020,704.0,72.52,192.53438,17.02062,7,14.482928,1.4621379e+07
03359,"Stade, Landkreis",DE939,2021,,70.71,234.91064,17.093616,0,14.507327,1.3865551e+07
03360,"Uelzen, Landkreis",DE93A,2017,,70.09,327.08667,16.224926,0,15.567429,1.3414081e+07
03360,"Uelzen, Landkreis",DE93A,2018,,74.95,86.76556,18.778963,12,17.410076,1.6591469e+07
03360,"Uelzen, Landkreis",DE93A,2019,,68.97,193.1689,17.60585,9,15.732757,1.4565293e+07
03360,"Uelzen, Landkreis",DE93A,2020,8739.0,73.71,186.24557,17.411285,6,14.836367,1.455178e+07
03360,"Uelzen, Landkreis",DE93A,2021,,74.18,192.08224,17.260714,0,15.259629,1.322591e+07
03361,"Verden, Landkreis",DE93B,2017,,81.11,312.11002,16.346682,0,15.767252,1.342244e+07
03361,"Verden, Landkreis",DE93B,2018,,62.93,99.51801,18.570826,10,17.297693,1.6424051e+07
03361,"Verden, Landkreis",DE93B,2019,,66.48,202.764,17.65301,8,15.465432,1.4531627e+07
03361,"Verden, Landkreis",DE93B,2020,473.0,83.17,188.88602,17.42895,7,14.85738,1.4396177e+07
03361,"Verden, Landkreis",DE93B,2021,,87.29,235.34398,17.254505,0,14.949578,1.3465715e+07
03452,"Aurich, Landkreis",DE947,2020,120.0,,252.60333,16.857712,0,13.867798,1.4730257e+07
03453,"Cloppenburg, Landkreis",DE948,2017,,85.44,307.71854,16.330297,0,15.867476,1.3534337e+07
03453,"Cloppenburg, Landkreis",DE948,2020,395.0,,224.60251,17.321615,7,14.859626,1.4164488e+07
03453,"Cloppenburg, Landkreis",DE948,2021,,76.41,266.204,17.187136,0,14.697611,1.3883214e+07
03454,"Emsland, Landkreis",DE949,2018,,61.17,103.54775,18.265844,9,17.092417,1.6561009e+07
03454,"Emsland, Landkreis",DE949,2019,,60.68,210.51675,17.537304,7,15.21566,1.4845139e+07
03454,"Emsland, Landkreis",DE949,2020,1974.0,68.08,218.2905,17.236814,6,14.789191,1.4137267e+07
03454,"Emsland, Landkreis",DE949,2021,,74.27,261.2325,17.085072,0,14.621057,1.3987855e+07
03456,"Grafschaft Bentheim, Landkreis",DE94B,2020,397.0,,202.14334,17.414421,9,15.035111,1.4172473e+07
03457,"Leer, Landkreis",DE94C,2020,212.0,81.22,256.8106,16.948315,0,14.137364,1.4401789e+07
03458,"Oldenburg, Landkreis",DE94D,2020,398.0,,212.28079,17.221642,7,14.681397,1.4198514e+07
03459,"Osnabrück, Landkreis",DE94E,2017,,86.61,318.87482,16.418459,0,16.123478,1.3750414e+07
03459,"Osnabrück, Landkreis",DE94E,2018,,74.87,108.491196,18.66738,11,17.263254,1.6699275e+07
03459,"Osnabrück, Landkreis",DE94E,2019,,87.25,206.962,17.683931,7,15.5373955,1.4937554e+07
03459,"Osnabrück, Landkreis",DE94E,2020,942.0,83.5,196.8384,17.486021,7,14.997797,1.4363834e+07
03459,"Osnabrück, Landkreis",DE94E,2021,,79.08,254.794,17.071226,0,14.941502,1.387078e+07
03460,"Vechta, Landkreis",DE94F,2020,219.0,,205.05275,17.553274,7,15.037615,1.4294081e+07
03462,"Wittmund, Landkreis",DE94H,2020,80.0,,245.64333,16.819098,0,13.757406,1.4722698e+07
05111,"Düsseldorf, kreisfreie Stadt",DEA11,2020,243.0,,167.78334,18.625694,10,15.824047,1.4834682e+07
05112,"Duisburg, kreisfreie Stadt",DEA12,2020,158.0,,185.15001,18.327038,10,15.713203,1.4771534e+07
05113,"Essen, kreisfreie Stadt",DEA13,2020,76.0,,186.36,18.02896,9,15.304559,1.473201e+07
05114,"Krefeld, kreisfreie Stadt",DEA14,2020,260.0,,169.90001,18.520487,10,15.770867,1.5049532e+07
05116,"Mönchengladbach, kreisfreie Stadt",DEA15,2018,,64.4,117.990005,19.261847,10,17.243315,1.7344122e+07
05116,"Mönchengladbach, kreisfreie Stadt",DEA15,2019,,81.48,197.06003,18.07935,6,15.573841,1.5803306e+07
05116,"Mönchengladbach, kreisfreie Stadt",DEA15,2020,763.21,80.65,161.19,18.475744,11,15.579606,1.5132314e+07
05116,"Mönchengladbach, kreisfreie Stadt",DEA15,2021,,83.61,323.25,17.186462,0,15.238665,1.4266618e+07
05117,"Mülheim an der Ruhr, kreisfreie Stadt",DEA16,2020,42.0,,186.36,18.138556,9,15.4636755,1.4760655e+07
05154,"Kleve, Landkreis",DEA1B,2017,,88.41,316.06537,16.997707,0,16.941978,1.4401091e+07
05154,"Kleve, Landkreis",DEA1B,2018,,66.15,116.459236,18.976862,9,17.325016,1.7135412e+07
05154,"Kleve, Landkreis",DEA1B,2019,,75.28,209.67462,17.958036,6,15.578395,1.5600818e+07
05154,"Kleve, Landkreis",DEA1B,2020,4044.0,74.25,187.75768,18.030188,10,15.5532675,1.4924093e+07
05154,"Kleve, Landkreis",DEA1B,2021,,84.71,259.63,17.328062,0,15.268421,1.4200711e+07
05158,"Mettmann, Landkreis",DEA1C,2020,571.66,,178.89001,18.23471,10,15.398113,1.4876597e+07
05162,Rhein-Kreis Neuss,DEA1D,2017,,93.74,334.63,17.283676,0,17.24677,1.432991e+07
05162,Rhein-Kreis Neuss,DEA1D,2018,,69.39,120.41,19.487045,10,17.465399,1.7286078e+07
05162,Rhein-Kreis Neuss,DEA1D,2019,,79.62,199.13998,18.2511,7,15.77841,1.5687651e+07
05162,Rhein-Kreis Neuss,DEA1D,2020,3901.0,78.8,161.71,18.67703,11,15.79829,1.5033988e+07
05162,Rhein-Kreis Neuss,DEA1D,2021,,93.15,337.455,17.355919,0,15.416609,1.4164604e+07
05166,"Viersen, Landkreis",DEA1E,2017,,94.62,305.5,17.167633,0,17.185884,1.43968e+07
05166,"Viersen, Landkreis",DEA1E,2018,,71.28,119.53286,19.221106,10,17.298653,1.7224138e+07
05166,"Viersen, Landkreis",DEA1E,2019,,71.3,204.1857,18.117481,6,15.638794,1.5757582e+07
05166,"Viersen, Landkreis",DEA1E,2020,1948.0,,168.36569,18.437155,10,15.6921015,1.5085011e+07
05166,"Viersen, Landkreis",DEA1E,2021,,85.62,300.85855,17.269472,0,15.325198,1.4241611e+07
05170,"Wesel, Landkreis",DEA1F,2017,,86.75,318.82736,17.112156,0,17.046534,1.4256256e+07
05170,"Wesel, Landkreis",DEA1F,2018,,43.37,116.42399,19.172474,10,17.491425,1.7140488e+07
05170,"Wesel, Landkreis",DEA1F,2019,,68.89,198.14401,18.09738,6,15.753157,1.5521686e+07
05170,"Wesel, Landkreis",DEA1F,2020,1216.0,,186.922,18.166435,10,15.635781,1.4828913e+07
05315,"Köln, kreisfreie Stadt",DEA23,2020,835.0,,156.94,19.054083,12,15.999036,1.5002457e+07
05334,"Städteregion Aachen, Landkreis",DEA2D,2017,,98.76,306.40912,15.994394,0,15.876904,1.4352132e+07
05334,"Städteregion Aachen, Landkreis",DEA2D,2018,,72.23,138.12366,18.000092,6,15.804673,1.7316116e+07
05334,"Städteregion Aachen, Landkreis",DEA2D,2019,,85.63,210.14545,16.973272,5,14.238181,1.6096698e+07
05334,"Städteregion Aachen, Landkreis",DEA2D,2020,1653.0,92.29,174.37183,17.504908,8,14.268549,1.5271339e+07
05334,"Städteregion Aachen, Landkreis",DEA2D,2021,,86.27,379.47815,16.001118,0,13.909346,1.4329106e+07
05358,"Düren, Landkreis",DEA26,2017,,90.59,283.99274,17.068665,0,16.840649,1.457984e+07
05358,"Düren, Landkreis",DEA26,2018,,57.25,119.95545,19.185797,10,16.853287,1.7488698e+07
05358,"Düren, Landkreis",DEA26,2019,,76.73,198.9909,18.120413,7,15.366372,1.6139635e+07
05358,"Düren, Landkreis",DEA26,2020,6732.0,72.21,154.07364,18.644842,12,15.315435,1.5380758e+07
05358,"Düren, Landkreis",DEA26,2021,,84.88,359.58365,17.01689,0,14.979446,1.449228e+07
05362,Rhein-Erft-Kreis,DEA27,2017,,89.15,296.74457,17.320581,1,17.11133,1.4502563e+07
05362,Rhein-Erft-Kreis,DEA27,2018,,68.01,117.66818,19.621487,12,17.355465,1.7457516e+07
05362,Rhein-Erft-Kreis,DEA27,2019,,77.53,198.01912,18.42121,7,15.807947,1.595173e+07
05362,Rhein-Erft-Kreis,DEA27,2020,5287.0,88.88,148.33545,18.97721,13,15.785288,1.5249814e+07
05362,Rhein-Erft-Kreis,DEA27,2021,,93.86,369.12366,17.28941,0,15.362326,1.4371981e+07
05366,"Euskirchen, Landkreis",DEA28,2017,,83.11,305.99237,15.467491,0,15.156674,1.4727723e+07
05366,"Euskirchen, Landkreis",DEA28,2018,,50.66,135.54706,17.461517,5,15.214985,1.7756034e+07
05366,"Euskirchen, Landkreis",DEA28,2019,,65.94,224.19528,16.454956,4,13.803688,1.6580191e+07
05366,"Euskirchen, Landkreis",DEA28,2020,2295.0,64.62,179.72176,17.023085,5,13.598076,1.5684077e+07
05366,"Euskirchen, Landkreis",DEA28,2021,,79.5,391.06354,15.464084,0,13.348355,1.4724519e+07
05370,"Heinsberg, Landkreis",DEA29,2017,,85.34,287.78665,17.159424,0,17.144579,1.4411601e+07
05370,"Heinsberg, Landkreis",DEA29,2018,,72.54,123.185,19.186296,10,17.137823,1.7260726e+07
05370,"Heinsberg, Landkreis",DEA29,2019,,75.87,199.81334,18.119019,7,15.521713,1.5911374e+07
05370,"Heinsberg, Landkreis",DEA29,2020,4301.0,88.64,160.15332,18.521252,12,15.596126,1.5181621e+07
05370,"Heinsberg, Landkreis",DEA29,2021,,84.49,314.3883,17.18919,0,15.225126,1.4301436e+07
05382,Rhein-Sieg-Kreis,DEA2C,2017,,86.72,343.56134,16.747288,0,16.514715,1.4570557e+07
05382,Rhein-Sieg-Kreis,DEA2C,2018,,46.43,124.742004,19.119108,11,17.022877,1.7618604e+07
05382,Rhein-Sieg-Kreis,DEA2C,2019,,65.63,215.614,17.869516,6,15.427394,1.6116298e+07
05382,Rhein-Sieg-Kreis,DEA2C,2020,1850.0,56.73,163.00867,18.383533,8,15.227556,1.5329582e+07
05382,Rhein-Sieg-Kreis,DEA2C,2021,,90.45,371.274,16.789198,0,14.886347,1.4423388e+07
05554,"Borken, Landkreis",DEA34,2017,,86.0,313.55292,16.780325,0,16.73455,1.4143e+07
05554,"Borken, Landkreis",DEA34,2018,,48.1,114.861176,18.903593,10,17.545769,1.6997018e+07
05554,"Borken, Landkreis",DEA34,2019,,47.62,205.81235,17.823488,7,15.656189,1.5379574e+07
05554,"Borken, Landkreis",DEA34,2020,1491.0,76.94,187.02292,17.768623,10,15.357826,1.4505245e+07
05554,"Borken, Landkreis",DEA34,2021,,87.92,264.53647,17.171522,0,15.176972,1.4005485e+07
05558,"Coesfeld, Landkreis",DEA35,2020,351.0,,184.1257,17.760674,10,15.228287,1.4544328e+07
05562,"Recklinghausen, Landkreis",DEA36,2020,107.1,,187.101,18.049267,9,15.400682,1.4628266e+07
05566,"Steinfurt, Landkreis",DEA37,2017,,52.6,318.8504,16.601475,0,16.459679,1.3901785e+07
05566,"Steinfurt, Landkreis",DEA37,2019,,49.93,204.1025,17.816452,11,15.656019,1.5108657e+07
05566,"Steinfurt, Landkreis",DEA37,2020,288.0,,182.97832,17.637934,9,15.165097,1.431659e+07
05570,"Warendorf, Landkreis",DEA38,2020,399.0,,180.76251,17.895523,8,15.303047,1.4576263e+07
05711,"Bielefeld, kreisfreie Stadt",DEA41,2020,274.0,,203.99666,17.461403,5,14.9277935,1.4616278e+07
05754,"Gütersloh, Landkreis",DEA42,2018,,66.47,123.628,18.917042,12,17.319195,1.6983406e+07
05754,"Gütersloh, Landkreis",DEA42,2020,401.0,63.58,198.65666,17.703562,6,15.189119,1.4659672e+07
05754,"Gütersloh, Landkreis",DEA42,2021,,64.53,249.37132,17.05412,0,15.20011,1.3764203e+07
05758,"Herford, Landkreis",DEA43,2017,,84.45,334.81,16.318027,0,15.92513,1.3812973e+07
05758,"Herford, Landkreis",DEA43,2018,,78.53,121.724,18.605392,10,17.02395,1.6983956e+07
05758,"Herford, Landkreis",DEA43,2019,,74.18,185.86401,17.655272,8,15.3860445,1.4995377e+07
05758,"Herford, Landkreis",DEA43,2020,854.0,94.39,199.18597,17.41465,5,14.836748,1.4664267e+07
05758,"Herford, Landkreis",DEA43,2021,,85.55,233.01,16.887405,0,14.888828,1.3808842e+07
05762,"Höxter, Landkreis",DEA44,2017,,98.24,383.73288,15.863513,0,15.404244,1.3849518e+07
05762,"Höxter, Landkreis",DEA44,2018,,63.75,136.02142,18.08066,10,16.23634,1.7402506e+07
05762,"Höxter, Landkreis",DEA44,2019,,81.5,187.16357,16.891565,4,14.634307,1.5284794e+07
05762,"Höxter, Landkreis",DEA44,2020,3066.0,85.14,211.00713,16.908588,2,14.073176,1.5051969e+07
05762,"Höxter, Landkreis",DEA44,2021,,81.94,278.825,16.208147,0,14.480376,1.3693767e+07
05766,"Lippe, Landkreis",DEA45,2017,,76.29,371.28622,16.033476,0,15.603204,1.3766406e+07
05766,"Lippe, Landkreis",DEA45,2018,,69.29,138.44937,18.227062,9,16.573416,1.7139734e+07
05766,"Lippe, Landkreis",DEA45,2019,,78.07,177.12875,17.29018,6,14.985108,1.5026255e+07
05766,"Lippe, Landkreis",DEA45,2020,2791.0,86.25,207.24437,17.114798,3,14.427633,1.477974e+07
05766,"Lippe, Landkreis",DEA45,2021,,84.65,261.69812,16.507326,0,14.630125,1.369231e+07
05770,"Minden-Lübbecke, Landkreis",DEA46,2020,1059.0,,194.1761,17.681028,6,15.071415,1.4588902e+07
05774,"Paderborn, Landkreis",DEA47,2020,270.0,,215.56001,16.992304,3,14.191488,1.497542e+07
05913,"Dortmund, kreisfreie Stadt",DEA52,2020,71.0,,192.37502,17.990524,8,15.150615,1.4692515e+07
05915,"Hamm, kreisfreie Stadt",DEA54,2020,184.0,,176.08667,17.973446,8,15.204547,1.4686486e+07
05958,Hochsauerlandkreis,DEA57,2020,276.0,,214.24521,15.809052,1,12.785022,1.4946901e+07
05974,"Soest, Landkreis",DEA5B,2017,,91.31,369.66666,16.403427,0,16.074396,1.3896519e+07
05974,"Soest, Landkreis",DEA5B,2018,,76.73,136.38777,18.605673,11,16.63595,1.7169294e+07
05974,"Soest, Landkreis",DEA5B,2019,,82.92,208.51111,17.365023,5,15.034427,1.5310367e+07
05974,"Soest, Landkreis",DEA5B,2020,2362.0,86.72,202.76889,17.413952,4,14.574643,1.4820248e+07
05974,"Soest, Landkreis",DEA5B,2021,,86.45,318.0939,16.563593,0,14.76481,1.3773727e+07
05978,"Unna, Landkreis",DEA5C,2020,192.02,76.5,187.66273,17.900564,7,15.076562,1.4719335e+07
06411,"Darmstadt, kreisfreie Stadt",DE711,2020,27.0,,107.78,19.910435,15,15.767556,1.6748799e+07
06412,"Frankfurt am Main, kreisfreie Stadt",DE712,2020,355.0,,109.09,19.813734,16,15.842432,1.6442009e+07
06414,"Wiesbaden, kreisfreie Stadt",DE714,2020,436.0,,123.53334,19.413952,12,15.538251,1.6506443e+07
06414,"Wiesbaden, kreisfreie Stadt",DE714,2021,,90.33,265.52667,17.46274,0,15.575262,1.4791943e+07
06431,"Bergstraße, Landkreis",DE715,2019,,84.83,166.52713,19.328861,10,16.699474,1.7589082e+07
06431,"Bergstraße, Landkreis",DE715,2020,900.0,,106.31572,19.896555,13,15.823854,1.6899466e+07
06432,"Darmstadt-Dieburg, Landkreis",DE716,2017,,88.3,281.83755,17.634174,3,17.279274,1.5552349e+07
06432,"Darmstadt-Dieburg, Landkreis",DE716,2018,,57.0,97.137505,20.346949,15,17.869322,1.8144784e+07
06432,"Darmstadt-Dieburg, Landkreis",DE716,2019,,81.78,182.05122,19.159182,10,16.419529,1.7479568e+07
06432,"Darmstadt-Dieburg, Landkreis",DE716,2020,1594.0,71.79,117.69499,19.726154,11,15.59393,1.6817584e+07
06432,"Darmstadt-Dieburg, Landkreis",DE716,2021,,80.09,213.63374,17.83042,0,15.699028,1.5021759e+07
06433,"Groß-Gerau, Landkreis",DE717,2017,,88.72,240.88802,18.184443,5,17.90616,1.5415541e+07
06433,"Groß-Gerau, Landkreis",DE717,2018,,70.7,86.652,20.878372,23,18.458817,1.8095982e+07
06433,"Groß-Gerau, Landkreis",DE717,2019,,80.37,161.10002,19.79392,14,17.238703,1.7416948e+07
06433,"Groß-Gerau, Landkreis",DE717,2020,1099.0,71.53,101.450005,20.283184,17,16.23424,1.6664856e+07
06433,"Groß-Gerau, Landkreis",DE717,2021,,83.38,212.12802,18.2991,1,16.306904,1.4904552e+07
06434,Hochtaunuskreis,DE718,2017,,92.11,273.22836,16.420425,1,16.074156,1.5079917e+07
06434,Hochtaunuskreis,DE718,2018,,61.64,96.636665,19.052423,10,16.660456,1.7996252e+07
06434,Hochtaunuskreis,DE718,2019,,82.43,161.09166,17.964035,6,15.289589,1.7093972e+07
06434,Hochtaunuskreis,DE718,2020,322.0,74.93,123.51834,18.396383,6,14.502026,1.6291218e+07
06434,Hochtaunuskreis,DE718,2021,,92.38,257.06165,16.512676,0,14.587194,1.4647409e+07
06435,Main-Kinzig-Kreis,DE719,2017,,86.27,296.73718,16.472834,1,16.085117,1.508885e+07
06435,Main-Kinzig-Kreis,DE719,2018,,65.02,106.55333,18.940659,10,16.916586,1.7939328e+07
06435,Main-Kinzig-Kreis,DE719,2019,,81.35,181.5872,17.713602,4,15.193676,1.6931618e+07
06435,Main-Kinzig-Kreis,DE719,2020,562.0,,131.74222,18.247541,7,14.455192,1.6399078e+07
06436,Main-Taunus-Kreis,DE71A,2020,478.0,,122.259995,19.890364,16,15.9857435,1.6528832e+07
06437,Odenwaldkreis,DE71B,2020,62.0,,136.3525,18.738394,9,14.614185,1.6813534e+07
06439,Rheingau-Taunus-Kreis,DE71D,2020,87.0,,129.79445,18.349966,7,14.56624,1.6369387e+07
06440,Wetteraukreis,DE71E,2017,,89.9,276.65784,16.941265,1,16.616348,1.5047565e+07
06440,Wetteraukreis,DE71E,2018,,65.62,99.292854,19.400011,13,17.24724,1.8067522e+07
06440,Wetteraukreis,DE71E,2019,,83.38,158.81502,18.35512,8,15.7389765,1.6983532e+07
06440,Wetteraukreis,DE71E,2020,2924.0,72.83,122.11214,18.752966,8,15.040098,1.6331311e+07
06440,Wetteraukreis,DE71E,2021,,93.0,246.22215,17.050816,0,15.196548,1.472363e+07
06531,"Gießen, Landkreis",DE721,2017,,91.06,290.97797,16.64831,1,16.294317,1.4884338e+07
06531,"Gießen, Landkreis",DE721,2018,,64.29,105.328,19.033236,12,16.974771,1.8142694e+07
06531,"Gießen, Landkreis",DE721,2019,,81.57,140.44801,18.023687,8,15.367707,1.6803772e+07
06531,"Gießen, Landkreis",DE721,2020,646.0,75.22,120.532,18.279036,6,14.722179,1.6120708e+07
06531,"Gießen, Landkreis",DE721,2021,,86.67,273.93604,16.760532,0,14.997242,1.4686495e+07
06533,"Limburg-Weilburg, Landkreis",DE723,2020,328.0,,144.60637,18.16459,6,14.683322,1.6128313e+07
06534,"Marburg-Biedenkopf, Landkreis",DE724,2020,313.0,,140.62723,17.364122,5,14.044804,1.5784064e+07
06535,Vogelsbergkreis,DE725,2017,,82.48,311.9379,15.93262,0,15.5051,1.4743005e+07
06535,Vogelsbergkreis,DE725,2018,,63.28,113.17,18.337116,9,16.243553,1.803081e+07
06535,Vogelsbergkreis,DE725,2019,,75.02,164.68527,17.049324,4,14.510747,1.6601724e+07
06535,Vogelsbergkreis,DE725,2021,,82.1,277.9521,15.990295,0,14.163321,1.452187e+07
06633,"Kassel, Landkreis",DE734,2017,,86.51,346.1756,15.833801,0,15.367489,1.4085642e+07
06633,"Kassel, Landkreis",DE734,2018,,69.18,124.52375,18.124401,10,16.1987,1.7666172e+07
06633,"Kassel, Landkreis",DE734,2019,,81.45,178.26498,16.7402,4,14.520159,1.5601116e+07
06633,"Kassel, Landkreis",DE734,2020,1721.0,81.2,195.16814,16.908607,2,13.83183,1.5342667e+07
06633,"Kassel, Landkreis",DE734,2021,,82.29,249.60251,16.111073,0,14.429797,1.3881626e+07
06634,Schwalm-Eder-Kreis,DE735,2017,,89.15,308.75555,15.992957,0,15.54971,1.437072e+07
06634,Schwalm-Eder-Kreis,DE735,2018,,66.84,119.170555,18.299704,11,16.32668,1.7865252e+07
06634,Schwalm-Eder-Kreis,DE735,2019,,78.98,166.11612,16.908596,4,14.597698,1.6063343e+07
06634,Schwalm-Eder-Kreis,DE735,2020,3283.0,79.7,160.26613,17.219019,3,13.897033,1.5667339e+07
06634,Schwalm-Eder-Kreis,DE735,2021,,81.63,256.1111,16.122625,0,14.398059,1.4167345e+07
06635,"Waldeck-Frankenberg, Landkreis",DE736,2020,447.0,,183.5254,16.483267,1,13.306405,1.5469945e+07
06636,Werra-Meißner-Kreis,DE737,2017,,77.01,326.97397,15.749277,0,15.238305,1.4261372e+07
06636,Werra-Meißner-Kreis,DE737,2018,,45.56,115.64933,18.177244,10,16.126268,1.7786416e+07
06636,Werra-Meißner-Kreis,DE737,2019,,74.28,166.126,16.633533,3,14.4495735,1.5713475e+07
06636,Werra-Meißner-Kreis,DE737,2020,696.0,68.96,186.22533,16.914581,3,13.633921,1.5486968e+07
06636,Werra-Meißner-Kreis,DE737,2021,,77.11,244.58,15.996941,0,14.2912655,1.3928499e+07
07131,"Ahrweiler, Landkreis",DEB12,2017,,87.47,295.61557,15.843166,0,15.4833,1.4790187e+07
07131,"Ahrweiler, Landkreis",DEB12,2020,340.0,,163.55669,17.337788,7,13.946791,1.5671398e+07
07133,"Bad Kreuznach, Landkreis",DEB14,2018,,69.58,92.90364,19.074802,10,16.939545,1.8290106e+07
07133,"Bad Kreuznach, Landkreis",DEB14,2019,,84.04,171.92093,18.042448,6,15.507184,1.770535e+07
07133,"Bad Kreuznach, Landkreis",DEB14,2020,313.0,,108.873634,18.587585,7,14.7386055,1.6789752e+07
07137,"Mayen-Koblenz, Landkreis",DEB17,2017,,86.51,249.07999,16.557123,0,16.12894,1.4944552e+07
07137,"Mayen-Koblenz, Landkreis",DEB17,2018,,59.55,108.75834,18.519943,11,16.317253,1.7954062e+07
07137,"Mayen-Koblenz, Landkreis",DEB17,2019,,76.15,195.01752,17.511032,5,14.903152,1.6970672e+07
07137,"Mayen-Koblenz, Landkreis",DEB17,2020,1150.0,59.96,146.09833,17.930208,8,14.475632,1.5907233e+07
07137,"Mayen-Koblenz, Landkreis",DEB17,2021,,82.65,280.32916,16.499561,0,14.439795,1.4733254e+07
07138,"Neuwied, Landkreis",DEB18,2020,64.0,,160.12286,18.079834,7,14.944529,1.5571822e+07
07232,Eifelkreis Bitburg-Prüm,DEB23,2020,76.0,,138.01335,17.136696,4,13.532766,1.6058322e+07
07314,"Ludwigshafen am Rhein, kreisfreie Stadt",DEB34,2020,40.0,,97.45,20.613195,16,16.568308,1.705765e+07
07315,"Mainz, kreisfreie Stadt",DEB35,2020,524.0,,126.08,19.644995,15,15.834026,1.6489977e+07
07316,"Neustadt an der Weinstraße, kreisfreie Stadt",DEB36,2020,57.0,,114.29,19.826817,14,15.79146,1.727216e+07
07319,"Worms, kreisfreie Stadt",DEB39,2020,684.0,,97.45,20.54181,16,16.495874,1.701838e+07
07331,"Alzey-Worms, Landkreis",DEB3B,2017,,77.98,226.24713,17.950634,4,17.633738,1.5675481e+07
07331,"Alzey-Worms, Landkreis",DEB3B,2018,,67.08,84.26142,20.501862,15,18.140963,1.8275896e+07
07331,"Alzey-Worms, Landkreis",DEB3B,2019,,78.18,164.85571,19.406178,12,16.794142,1.7704498e+07
07331,"Alzey-Worms, Landkreis",DEB3B,2020,4161.0,62.62,97.04286,19.924593,17,15.789573,1.690237e+07
07331,"Alzey-Worms, Landkreis",DEB3B,2021,,82.23,219.59001,17.8273,0,15.817768,1.5154291e+07
07332,"Bad Dürkheim, Landkreis",DEB3C,2017,,74.55,286.99664,17.75056,4,17.540539,1.5794371e+07
07332,"Bad Dürkheim, Landkreis",DEB3C,2018,,55.05,106.67333,20.261236,14,17.78316,1.8186176e+07
07332,"Bad Dürkheim, Landkreis",DEB3C,2019,,71.52,177.83,19.13033,9,16.41202,1.7740564e+07
07332,"Bad Dürkheim, Landkreis",DEB3C,2020,866.0,26.24,111.53833,19.753319,12,15.551313,1.7072884e+07
07332,"Bad Dürkheim, Landkreis",DEB3C,2021,,70.16,259.82834,17.600279,0,15.548238,1.5341519e+07
07333,Donnersbergkreis,DEB3D,2017,,89.69,262.79123,17.14069,2,16.84708,1.5668737e+07
07333,Donnersbergkreis,DEB3D,2018,,60.73,103.57751,19.416254,11,17.060951,1.8206898e+07
07333,Donnersbergkreis,DEB3D,2019,,77.35,179.58377,18.334923,7,15.695671,1.771056e+07
07333,Donnersbergkreis,DEB3D,2020,2332.0,68.67,112.582504,18.930187,10,14.869596,1.6940944e+07
07333,Donnersbergkreis,DEB3D,2021,,87.99,261.95126,16.876257,0,14.85615,1.5204455e+07
07334,"Germersheim, Landkreis",DEB3E,2017,,77.96,242.28598,18.657042,8,18.326769,1.5857519e+07
07334,"Germersheim, Landkreis",DEB3E,2018,,54.88,90.984,20.91897,16,18.697723,1.8021218e+07
07334,"Germersheim, Landkreis",DEB3E,2019,,67.24,136.58002,20.021421,15,16.94712,1.7780738e+07
07334,"Germersheim, Landkreis",DEB3E,2020,861.0,54.7,104.334,20.338747,15,16.251648,1.72325e+07
07334,"Germersheim, Landkreis",DEB3E,2021,,86.37,217.87999,18.375439,1,16.281517,1.5507694e+07
07335,"Kaiserslautern, Landkreis",DEB3F,2020,128.0,,114.51125,18.543158,8,14.586905,1.6864696e+07
07337,"Südliche Weinstraße, Landkreis",DEB3H,2017,,84.46,299.36145,17.92308,5,17.701012,1.5847059e+07
07337,"Südliche Weinstraße, Landkreis",DEB3H,2018,,75.4,115.75142,20.223078,14,17.90761,1.809564e+07
07337,"Südliche Weinstraße, Landkreis",DEB3H,2019,,82.84,158.22856,19.196993,10,16.264471,1.7789312e+07
07337,"Südliche Weinstraße, Landkreis",DEB3H,2020,1186.0,68.11,120.87858,19.666239,14,15.569457,1.7209764e+07
07337,"Südliche Weinstraße, Landkreis",DEB3H,2021,,87.58,263.43286,17.660677,0,15.557457,1.5492033e+07
07338,Rhein-Pfalz-Kreis,DEB3I,2017,,39.21,243.88501,18.579716,7,18.312922,1.5900463e+07
07338,Rhein-Pfalz-Kreis,DEB3I,2018,,92.23,85.895,21.143871,22,18.782768,1.8194866e+07
07339,"Mainz-Bingen, Landkreis",DEB3J,2017,,84.91,235.1457,17.820375,4,17.44426,1.5505224e+07
07339,"Mainz-Bingen, Landkreis",DEB3J,2018,,59.71,88.22286,20.287472,15,17.939598,1.8176962e+07
07339,"Mainz-Bingen, Landkreis",DEB3J,2019,,78.31,168.59715,19.188593,12,16.583158,1.7565492e+07
07339,"Mainz-Bingen, Landkreis",DEB3J,2020,2531.0,53.48,106.45286,19.714493,15,15.675824,1.6717326e+07
07339,"Mainz-Bingen, Landkreis",DEB3J,2021,,87.17,234.04713,17.692389,0,15.685478,1.4989319e+07
08111,"Stuttgart, kreisfreie Stadt",DE111,2017,,84.09,264.15002,17.3457,1,16.788334,1.5713016e+07
08111,"Stuttgart, kreisfreie Stadt",DE111,2018,,64.67,147.76666,19.276653,9,17.27142,1.7677556e+07
08111,"Stuttgart, kreisfreie Stadt",DE111,2019,,82.92,197.10333,18.15618,5,15.35281,1.746442e+07
08111,"Stuttgart, kreisfreie Stadt",DE111,2020,,65.46,179.81001,18.652374,9,14.999619,1.6985448e+07
08111,"Stuttgart, kreisfreie Stadt",DE111,2021,,83.05,254.81332,16.986984,0,14.905374,1.5257593e+07
08115,"Böblingen, Landkreis",DE112,2017,,89.88,269.86377,16.851355,1,16.257603,1.5873869e+07
08115,"Böblingen, Landkreis",DE112,2019,,86.58,222.15627,17.594158,4,14.8147955,1.7593196e+07
08115,"Böblingen, Landkreis",DE112,2020,791.0,,186.44499,18.249546,8,14.557946,1.7153514e+07
08116,"Esslingen, Landkreis",DE113,2020,36.0,,203.616,18.430815,8,14.724954,1.697048e+07
08118,"Ludwigsburg, Landkreis",DE115,2017,,86.64,271.17502,17.764381,3,17.295591,1.5701686e+07
08118,"Ludwigsburg, Landkreis",DE115,2018,,57.44,146.2,19.76803,11,17.847116,1.7756018e+07
08118,"Ludwigsburg, Landkreis",DE115,2019,,78.26,192.325,18.609627,6,15.871059,1.753105e+07
08118,"Ludwigsburg, Landkreis",DE115,2020,2544.0,64.59,172.525,19.056768,11,15.493848,1.7002638e+07
08118,"Ludwigsburg, Landkreis",DE115,2021,,81.88,247.20003,17.430506,0,15.437967,1.5193535e+07
08119,Rems-Murr-Kreis,DE116,2019,,81.36,180.30273,17.92421,4,15.155953,1.7364214e+07
08119,Rems-Murr-Kreis,DE116,2020,164.0,59.07,174.02274,18.362617,8,14.777873,1.6870838e+07
08125,"Heilbronn, Landkreis",DE118,2017,,91.85,262.6806,17.641375,3,17.204273,1.5674106e+07
08125,"Heilbronn, Landkreis",DE118,2018,,61.26,113.17125,19.957888,14,17.883453,1.7919504e+07
08125,"Heilbronn, Landkreis",DE118,2019,,84.63,161.46124,18.675999,5,15.928961,1.755426e+07
08125,"Heilbronn, Landkreis",DE118,2020,5002.0,63.06,143.78938,19.04807,10,15.314105,1.6965412e+07
08125,"Heilbronn, Landkreis",DE118,2021,,85.1,216.72687,17.456833,0,15.423185,1.5077734e+07
08126,Hohenlohekreis,DE119,2017,,91.55,261.554,17.027012,1,16.53732,1.5533542e+07
08126,Hohenlohekreis,DE119,2018,,62.81,110.562,19.199797,10,17.178646,1.7831614e+07
08126,Hohenlohekreis,DE119,2019,,82.38,166.60301,17.909405,4,15.311416,1.7391742e+07
08126,Hohenlohekreis,DE119,2020,2042.0,67.41,154.61203,18.393759,9,14.597189,1.6852902e+07
08126,Hohenlohekreis,DE119,2021,,86.0,227.048,16.799314,0,14.799616,1.4945873e+07
08127,"Schwäbisch Hall, Landkreis",DE11A,2019,,77.8,189.00293,17.41503,4,14.848026,1.7273462e+07
08127,"Schwäbisch Hall, Landkreis",DE11A,2020,886.0,,185.43117,17.869984,7,14.102282,1.6811368e+07
08128,Main-Tauber-Kreis,DE11B,2017,,86.88,279.78314,16.916887,1,16.320753,1.553285e+07
08128,Main-Tauber-Kreis,DE11B,2018,,58.34,101.71375,19.169483,10,17.086708,1.7953236e+07
08128,Main-Tauber-Kreis,DE11B,2019,,77.75,173.98251,17.808971,4,15.324296,1.732077e+07
08128,Main-Tauber-Kreis,DE11B,2020,1258.0,73.21,148.9175,18.443192,9,14.466037,1.6807838e+07
08128,Main-Tauber-Kreis,DE11B,2021,,89.38,247.70563,16.866457,0,14.874075,1.4932395e+07
08135,"Heidenheim, Landkreis",DE11C,2020,188.0,,244.30144,17.28623,3,13.56385,1.6888802e+07
08136,Ostalbkreis,DE11D,2020,148.0,,213.67685,17.566313,4,13.809064,1.6878294e+07
08215,"Karlsruhe, Landkreis",DE123,2017,,77.35,259.52716,18.339231,5,17.962551,1.5936903e+07
08215,"Karlsruhe, Landkreis",DE123,2018,,57.08,106.93356,20.66068,15,18.40779,1.8082246e+07
08215,"Karlsruhe, Landkreis",DE123,2019,,76.19,157.13643,19.555674,11,16.615837,1.7816402e+07
08215,"Karlsruhe, Landkreis",DE123,2020,1013.0,56.37,125.87143,19.905796,13,15.973481,1.7247784e+07
08215,"Karlsruhe, Landkreis",DE123,2021,,86.4,222.75145,18.151773,0,16.044313,1.5481831e+07
08221,"Heidelberg, kreisfreie Stadt",DE125,2020,77.0,,122.16999,19.727139,10,15.771256,1.6994726e+07
08222,"Mannheim, kreisfreie Stadt",DE126,2020,57.0,,97.45,20.411562,16,16.375624,1.7003994e+07
08225,Neckar-Odenwald-Kreis,DE127,2017,,94.44,310.6014,16.838999,1,16.402859,1.5605383e+07
08225,Neckar-Odenwald-Kreis,DE127,2018,,46.28,118.88357,19.215294,10,17.04473,1.80003e+07
08225,Neckar-Odenwald-Kreis,DE127,2019,,77.41,197.7757,17.93285,4,15.3274145,1.7475156e+07
08225,Neckar-Odenwald-Kreis,DE127,2020,724.0,71.49,154.82285,18.440449,9,14.58089,1.6877668e+07
08225,Neckar-Odenwald-Kreis,DE127,2021,,73.95,252.2057,16.786911,0,14.747178,1.5003567e+07
08226,Rhein-Neckar-Kreis,DE128,2017,,85.45,273.7788,17.803373,3,17.483059,1.5702781e+07
08226,Rhein-Neckar-Kreis,DE128,2018,,63.1,102.7125,20.407597,14,18.079975,1.8038548e+07
08226,Rhein-Neckar-Kreis,DE128,2019,,79.42,164.89314,19.035568,7,16.313322,1.76136e+07
08226,Rhein-Neckar-Kreis,DE128,2020,1470.0,76.94,123.04187,19.533516,10,15.644168,1.6984628e+07
08226,Rhein-Neckar-Kreis,DE128,2021,,89.34,213.8825,17.726027,0,15.720044,1.5147313e+07
08235,"Calw, Landkreis",DE12A,2020,71.0,,201.68181,17.619644,4,13.734622,1.7201438e+07
08236,Enzkreis,DE12B,2020,132.0,,172.53333,18.903997,9,15.125443,1.723899e+07
08315,"Breisgau-Hochschwarzwald, Landkreis",DE132,2020,43.0,,228.29,17.702879,2,13.722696,1.7676806e+07
08316,"Emmendingen, Landkreis",DE133,2020,21.0,,224.15556,18.692059,8,14.990801,1.784386e+07
08317,Ortenaukreis,DE134,2020,18.0,,177.62654,19.116695,12,15.27938,1.7580282e+07
08326,Schwarzwald-Baar-Kreis,DE136,2020,58.0,,291.165,16.38458,1,12.572375,1.746446e+07
08335,"Konstanz, Landkreis",DE138,2020,280.0,,294.24338,18.12513,2,14.531885,1.7548098e+07
08337,"Waldshut, Landkreis",DE13A,2020,71.0,,313.22073,17.395494,1,13.719479,1.7593114e+07
08416,"Tübingen, Landkreis",DE142,2020,192.0,,220.3775,18.411955,9,14.5377445,1.7145838e+07
08425,Alb-Donau-Kreis,DE145,2018,,65.46,202.89833,17.989033,3,15.805052,1.7549616e+07
08425,Alb-Donau-Kreis,DE145,2019,,74.15,268.02167,16.977528,3,14.16635,1.7179628e+07
08425,Alb-Donau-Kreis,DE145,2020,294.0,80.46,282.63055,17.253607,2,13.498628,1.6994614e+07
08425,Alb-Donau-Kreis,DE145,2021,,76.39,346.60553,15.951276,0,13.649767,1.5626688e+07
08426,"Biberach, Landkreis",DE146,2020,191.0,,325.49002,17.080202,2,13.451512,1.7186462e+07
08435,Bodenseekreis,DE147,2020,69.0,,367.90442,18.37222,2,14.871642,1.7444902e+07
08436,"Ravensburg, Landkreis",DE148,2020,141.0,,392.46332,16.804417,0,13.364975,1.7243148e+07
08437,"Sigmaringen, Landkreis",DE149,2020,106.0,,313.6769,16.888426,1,13.16385,1.7158878e+07
09174,"Dachau, Landkreis",DE217,2018,,97.72,220.18001,18.737988,9,16.945377,1.7569098e+07
09174,"Dachau, Landkreis",DE217,2019,,81.09,313.095,17.58321,5,15.165838,1.6688213e+07
09174,"Dachau, Landkreis",DE217,2020,1109.0,,265.88498,17.672678,4,13.952722,1.6639339e+07
09175,"Ebersberg, Landkreis",DE218,2020,24.0,,352.53854,17.462568,3,13.944724,1.655231e+07
09176,"Eichstätt, Landkreis",DE219,2017,,90.92,278.37003,16.776697,2,16.468931,1.5652952e+07
09176,"Eichstätt, Landkreis",DE219,2018,,81.33,163.44933,18.528051,5,16.869555,1.7754676e+07
09176,"Eichstätt, Landkreis",DE219,2019,,81.94,233.04533,17.641024,6,15.342803,1.6813346e+07
09176,"Eichstätt, Landkreis",DE219,2020,2852.0,84.97,229.66269,17.744404,3,14.113106,1.659684e+07
09176,"Eichstätt, Landkreis",DE219,2021,,86.33,298.09137,16.555883,0,14.602714,1.5292767e+07
09177,"Erding, Landkreis",DE21A,2020,397.0,91.04,316.00818,17.744055,3,14.143206,1.6682063e+07
09177,"Erding, Landkreis",DE21A,2021,,93.44,408.8809,16.774342,0,14.82355,1.5808178e+07
09178,"Freising, Landkreis",DE21B,2017,,85.34,303.47107,17.05686,3,16.749928,1.5910674e+07
09178,"Freising, Landkreis",DE21B,2020,312.0,,276.27222,17.822992,4,14.166556,1.6555277e+07
09179,"Fürstenfeldbruck, Landkreis",DE21C,2017,,88.42,333.78497,16.817968,1,16.294497,1.6105646e+07
09181,"Landsberg am Lech, Landkreis",DE21E,2017,,89.77,360.22223,16.34674,1,15.762698,1.6156167e+07
09181,"Landsberg am Lech, Landkreis",DE21E,2018,,98.76,250.52779,18.162518,3,16.08303,1.7538746e+07
09181,"Landsberg am Lech, Landkreis",DE21E,2019,,91.9,371.7889,16.991953,3,14.310415,1.6645625e+07
09181,"Landsberg am Lech, Landkreis",DE21E,2020,487.0,88.73,358.56555,17.102856,1,13.379522,1.6750029e+07
09181,"Landsberg am Lech, Landkreis",DE21E,2021,,77.68,453.76886,16.18537,0,13.918725,1.5714294e+07
09183,"Mühldorf am Inn, Landkreis",DE21G,2020,100.0,,359.8675,17.856806,4,14.2941,1.6747001e+07
09184,"München, Landkreis",DE21H,2020,37.0,,336.155,17.141876,3,13.5217495,1.6483804e+07
09185,"Neuburg-Schrobenhausen, Landkreis",DE21I,2017,,89.45,277.2989,17.046558,2,16.708897,1.5905887e+07
09185,"Neuburg-Schrobenhausen, Landkreis",DE21I,2018,,78.3,173.67,18.845243,8,17.091257,1.7796692e+07
09185,"Neuburg-Schrobenhausen, Landkreis",DE21I,2019,,87.85,265.59113,17.839672,6,15.457647,1.6969184e+07
09185,"Neuburg-Schrobenhausen, Landkreis",DE21I,2020,863.0,85.92,239.71777,17.893301,4,14.270767,1.6761299e+07
09185,"Neuburg-Schrobenhausen, Landkreis",DE21I,2021,,81.05,311.40222,16.824526,0,14.852303,1.5579446e+07
09186,"Pfaffenhofen an der Ilm, Landkreis",DE21J,2017,,87.0,275.383,17.146793,3,16.84284,1.5834862e+07
09186,"Pfaffenhofen an der Ilm, Landkreis",DE21J,2018,,74.14,189.654,19.00513,9,17.252548,1.7632282e+07
09186,"Pfaffenhofen an der Ilm, Landkreis",DE21J,2019,,79.04,262.01498,17.931324,6,15.578029,1.6693453e+07
09186,"Pfaffenhofen an der Ilm, Landkreis",DE21J,2020,671.0,,244.10101,17.960068,4,14.285226,1.6591439e+07
09186,"Pfaffenhofen an der Ilm, Landkreis",DE21J,2021,,81.76,337.60397,16.891363,0,14.893887,1.5495791e+07
09188,"Starnberg, Landkreis",DE21L,2020,50.0,,343.8175,17.337357,2,13.613066,1.6495377e+07
09189,"Traunstein, Landkreis",DE21M,2020,135.0,,489.8421,16.443533,0,12.826641,1.6343485e+07
09263,"Straubing, kreisfreie Stadt",DE223,2020,583.0,,276.46,18.31238,5,14.73635,1.69169e+07
09271,"Deggendorf, Landkreis",DE224,2017,,94.02,271.77182,17.159357,1,16.904243,1.6297628e+07
09271,"Deggendorf, Landkreis",DE224,2018,,87.37,226.71545,18.721745,5,17.361988,1.795799e+07
09271,"Deggendorf, Landkreis",DE224,2019,,93.35,269.04364,17.953943,5,16.050959,1.6665606e+07
09271,"Deggendorf, Landkreis",DE224,2020,4214.0,94.24,314.2118,17.868624,2,14.4119005,1.6894362e+07
09271,"Deggendorf, Landkreis",DE224,2021,,99.67,322.30182,17.004616,0,15.21174,1.5922987e+07
09273,"Kelheim, Landkreis",DE226,2017,,96.85,270.74167,17.097404,3,16.785362,1.5753749e+07
09273,"Kelheim, Landkreis",DE226,2018,,82.04,177.19499,18.912428,9,17.249426,1.7708368e+07
09273,"Kelheim, Landkreis",DE226,2019,,94.25,228.75499,17.97511,7,15.671994,1.6717891e+07
09273,"Kelheim, Landkreis",DE226,2020,1149.0,96.03,231.73999,18.05115,4,14.34386,1.6605814e+07
09273,"Kelheim, Landkreis",DE226,2021,,96.25,313.41833,16.829195,0,14.89971,1.5406983e+07
09274,"Landshut, Landkreis",DE227,2017,,90.19,292.2284,17.139996,4,16.857134,1.5970214e+07
09274,"Landshut, Landkreis",DE227,2018,,92.23,202.43893,18.970411,9,17.245104,1.768458e+07
09274,"Landshut, Landkreis",DE227,2019,,83.89,268.09583,17.887335,4,15.59947,1.658769e+07
09274,"Landshut, Landkreis",DE227,2020,1389.0,93.61,288.02997,17.9205,3,14.1845455,1.6637192e+07
09274,"Landshut, Landkreis",DE227,2021,,101.95,356.48688,16.854994,0,14.898159,1.5699331e+07
09275,"Passau, Landkreis",DE228,2020,788.0,,332.521,17.881542,3,14.276177,1.6876348e+07
09277,"Rottal-Inn, Landkreis",DE22A,2017,,80.46,309.65375,17.322212,2,17.029099,1.6250232e+07
09277,"Rottal-Inn, Landkreis",DE22A,2018,,72.54,249.36125,19.004545,8,17.543655,1.7848318e+07
09277,"Rottal-Inn, Landkreis",DE22A,2019,,66.3,271.7762,18.119984,6,15.94368,1.6594189e+07
09277,"Rottal-Inn, Landkreis",DE22A,2020,382.0,74.61,378.3288,18.006252,5,14.392956,1.6814578e+07
09277,"Rottal-Inn, Landkreis",DE22A,2021,,83.61,349.83627,17.122263,0,15.223393,1.6041756e+07
09278,"Straubing-Bogen, Landkreis",DE22B,2017,,97.76,265.82,17.100384,2,16.809841,1.6084141e+07
09278,"Straubing-Bogen, Landkreis",DE22B,2018,,82.77,187.66,18.847319,7,17.355507,1.7885608e+07
09278,"Straubing-Bogen, Landkreis",DE22B,2019,,96.33,232.09924,17.959415,5,15.902135,1.6742065e+07
09278,"Straubing-Bogen, Landkreis",DE22B,2020,7036.0,97.8,274.0677,17.958282,3,14.380265,1.6806054e+07
09278,"Straubing-Bogen, Landkreis",DE22B,2021,,96.71,291.96536,16.914942,0,15.085432,1.5673564e+07
09279,"Dingolfing-Landau, Landkreis",DE22C,2017,,92.5,259.06448,17.36673,4,17.10151,1.6127418e+07
09279,"Dingolfing-Landau, Landkreis",DE22C,2018,,79.46,190.47665,19.25607,11,17.60457,1.7831788e+07
09279,"Dingolfing-Landau, Landkreis",DE22C,2019,,84.48,227.85335,18.185812,7,15.927129,1.6624068e+07
09279,"Dingolfing-Landau, Landkreis",DE22C,2020,3612.0,90.73,286.2,18.170301,4,14.416589,1.6781576e+07
09279,"Dingolfing-Landau, Landkreis",DE22C,2021,,92.08,304.74777,17.071943,0,15.212479,1.582458e+07
09362,"Regensburg, kreisfreie Stadt",DE232,2020,103.0,,220.20001,18.210882,6,14.506428,1.6565926e+07
09373,"Neumarkt in der Oberpfalz, Landkreis",DE236,2020,39.0,,227.5484,17.636694,4,13.855721,1.6625774e+07
09375,"Regensburg, Landkreis",DE238,2017,,88.67,261.15533,17.05585,4,16.722784,1.5791009e+07
09375,"Regensburg, Landkreis",DE238,2018,,85.16,169.66867,18.900507,8,17.306725,1.7741486e+07
09375,"Regensburg, Landkreis",DE238,2019,,83.81,216.23999,17.97682,7,15.759509,1.6762225e+07
09375,"Regensburg, Landkreis",DE238,2020,4521.0,91.52,234.36131,18.0328,4,14.360564,1.6649508e+07
09375,"Regensburg, Landkreis",DE238,2021,,90.62,286.26196,16.838726,0,14.935872,1.5386646e+07
09471,"Bamberg, Landkreis",DE245,2017,,82.26,298.57593,16.667234,1,16.245054,1.5273233e+07
09471,"Bamberg, Landkreis",DE245,2018,,43.38,120.408,19.011753,9,17.324217,1.7788026e+07
09471,"Bamberg, Landkreis",DE245,2020,399.0,60.98,182.36603,18.150763,7,14.361051,1.651215e+07
09471,"Bamberg, Landkreis",DE245,2021,,60.57,265.58533,16.776953,0,14.940307,1.4657827e+07
09473,"Coburg, Landkreis",DE247,2017,,91.91,283.78165,16.400108,1,16.073456,1.4966778e+07
09473,"Coburg, Landkreis",DE247,2018,,49.08,119.09501,18.77701,9,17.10725,1.7552418e+07
09473,"Coburg, Landkreis",DE247,2020,251.0,,180.85167,17.807438,7,14.118099,1.6219303e+07
09474,"Forchheim, Landkreis",DE248,2020,81.0,,204.89874,17.904251,6,14.173169,1.6586607e+07
09477,"Kulmbach, Landkreis",DE24B,2020,9.0,,228.79623,17.28845,4,13.5598755,1.6337894e+07
09478,"Lichtenfels, Landkreis",DE24C,2020,41.0,,184.76752,17.961227,7,14.135822,1.6289106e+07
09561,"Ansbach, kreisfreie Stadt",DE251,2020,17.0,,203.18501,17.831226,6,14.010072,1.6709657e+07
09563,"Fürth, kreisfreie Stadt",DE253,2020,13.0,,192.27998,18.340492,9,14.588681,1.6643032e+07
09571,"Ansbach, Landkreis",DE256,2017,,91.73,307.02957,16.494993,2,16.036884,1.5515093e+07
09571,"Ansbach, Landkreis",DE256,2018,,47.17,139.27792,18.512724,5,16.64861,1.780946e+07
09571,"Ansbach, Landkreis",DE256,2019,,69.93,209.34999,17.405548,4,15.038225,1.7080392e+07
09571,"Ansbach, Landkreis",DE256,2020,1032.0,57.23,197.75958,17.861477,6,14.013876,1.6736373e+07
09571,"Ansbach, Landkreis",DE256,2021,,83.25,263.29086,16.373173,0,14.406779,1.4970773e+07
09572,"Erlangen-Höchstadt, Landkreis",DE257,2020,114.0,,186.82857,18.320164,8,14.562537,1.6628298e+07
09573,"Fürth, Landkreis",DE258,2017,,72.33,300.53497,16.879187,2,16.445906,1.5531889e+07
09573,"Fürth, Landkreis",DE258,2018,,43.25,131.55,19.02319,8,17.322622,1.7916128e+07
09573,"Fürth, Landkreis",DE258,2019,,72.17,197.13,17.936325,5,15.757199,1.6969092e+07
09573,"Fürth, Landkreis",DE258,2020,,64.93,191.10498,18.346869,7,14.523472,1.6709805e+07
09573,"Fürth, Landkreis",DE258,2021,,84.83,254.875,16.87934,0,15.031508,1.488762e+07
09574,"Nürnberger Land, Landkreis",DE259,2020,20.0,,217.265,17.83046,5,14.044549,1.6479168e+07
09575,"Neustadt an der Aisch-Bad Windsheim, Landkreis",DE25A,2017,,95.23,305.826,16.811867,1,16.263199,1.5541732e+07
09575,"Neustadt an der Aisch-Bad Windsheim, Landkreis",DE25A,2018,,60.93,124.32133,19.022226,8,17.085215,1.7925328e+07
09575,"Neustadt an der Aisch-Bad Windsheim, Landkreis",DE25A,2019,,79.16,196.51865,17.764715,4,15.457887,1.7118202e+07
09575,"Neustadt an der Aisch-Bad Windsheim, Landkreis",DE25A,2020,3005.0,70.2,178.36732,18.387758,9,14.410643,1.6764618e+07
09575,"Neustadt an der Aisch-Bad Windsheim, Landkreis",DE25A,2021,,91.07,260.46,16.80527,0,14.896484,1.4917411e+07
09576,"Roth, Landkreis",DE25B,2017,,76.22,300.31503,16.879824,2,16.539602,1.5460385e+07
09576,"Roth, Landkreis",DE25B,2020,86.0,,208.58623,18.116877,6,14.304531,1.6562689e+07
09577,"Weißenburg-Gunzenhausen, Landkreis",DE25C,2018,,63.66,154.50919,18.406548,4,16.618404,1.7808936e+07
09577,"Weißenburg-Gunzenhausen, Landkreis",DE25C,2019,,62.62,227.57169,17.452595,4,15.028263,1.6973658e+07
09577,"Weißenburg-Gunzenhausen, Landkreis",DE25C,2020,297.0,,217.90582,17.664007,3,13.853725,1.6685284e+07
09671,"Aschaffenburg, Landkreis",DE264,2020,232.0,,135.34666,18.612137,8,14.624286,1.6551428e+07
09672,"Bad Kissingen, Landkreis",DE265,2017,,81.02,299.01,16.03342,0,15.566328,1.5171787e+07
09672,"Bad Kissingen, Landkreis",DE265,2018,,47.37,105.96187,18.3534,6,16.517443,1.7864322e+07
09672,"Bad Kissingen, Landkreis",DE265,2019,,62.39,195.48499,17.011547,4,14.797771,1.684457e+07
09672,"Bad Kissingen, Landkreis",DE265,2020,354.0,63.11,148.10999,17.512865,3,13.811057,1.6429397e+07
09672,"Bad Kissingen, Landkreis",DE265,2021,,85.98,263.32877,16.133993,0,14.315783,1.4745235e+07
09673,"Rhön-Grabfeld, Landkreis",DE266,2017,,86.98,292.76703,15.782829,0,15.331977,1.4992167e+07
09673,"Rhön-Grabfeld, Landkreis",DE266,2018,,60.05,109.51999,18.117586,6,16.239502,1.777874e+07
09673,"Rhön-Grabfeld, Landkreis",DE266,2019,,60.44,181.01797,16.745329,4,14.591577,1.6582606e+07
09673,"Rhön-Grabfeld, Landkreis",DE266,2020,611.0,68.93,154.95299,17.179464,4,13.509719,1.6237405e+07
09673,"Rhön-Grabfeld, Landkreis",DE266,2021,,75.48,272.89502,15.891577,0,14.071573,1.4523994e+07
09674,"Haßberge, Landkreis",DE267,2017,,88.89,281.84308,16.64677,1,16.163073,1.5209255e+07
09674,"Haßberge, Landkreis",DE267,2018,,64.65,108.99307,19.020227,9,17.305925,1.777263e+07
09674,"Haßberge, Landkreis",DE267,2019,,59.55,173.96924,17.78041,5,15.54055,1.681486e+07
09674,"Haßberge, Landkreis",DE267,2020,769.0,68.18,157.67076,18.153046,7,14.2776375,1.6463297e+07
09674,"Haßberge, Landkreis",DE267,2021,,76.33,247.43384,16.784351,0,14.908967,1.4690943e+07
09675,"Kitzingen, Landkreis",DE268,2017,,92.89,293.27502,17.05148,1,16.480978,1.5516732e+07
09675,"Kitzingen, Landkreis",DE268,2018,,51.85,108.045006,19.318771,10,17.456318,1.8019446e+07
09675,"Kitzingen, Landkreis",DE268,2019,,71.37,189.31502,18.006655,5,15.73397,1.7182632e+07
09675,"Kitzingen, Landkreis",DE268,2020,3185.0,63.06,157.85501,18.620672,9,14.683851,1.677595e+07
09675,"Kitzingen, Landkreis",DE268,2021,,84.8,262.81,17.122866,0,15.294882,1.4932134e+07
09676,"Miltenberg, Landkreis",DE269,2017,,89.34,325.542,16.79961,1,16.281492,1.5467107e+07
09676,"Miltenberg, Landkreis",DE269,2018,,71.2,117.37399,19.286133,10,17.016668,1.800059e+07
09676,"Miltenberg, Landkreis",DE269,2019,,80.81,208.773,17.99365,4,15.28723,1.7325214e+07
09676,"Miltenberg, Landkreis",DE269,2020,181.0,72.89,151.128,18.638708,9,14.567392,1.6737295e+07
09677,"Main-Spessart, Landkreis",DE26A,2017,,90.16,294.97824,16.56071,1,15.983797,1.5354162e+07
09677,"Main-Spessart, Landkreis",DE26A,2018,,68.97,102.86,18.887833,10,16.940361,1.7965826e+07
09677,"Main-Spessart, Landkreis",DE26A,2019,,69.66,187.50117,17.539923,4,15.134189,1.7125094e+07
09677,"Main-Spessart, Landkreis",DE26A,2020,1073.0,76.56,142.25471,18.183344,9,14.313898,1.6630432e+07
09677,"Main-Spessart, Landkreis",DE26A,2021,,87.75,264.17706,16.624107,0,14.722708,1.4881683e+07
09678,"Schweinfurt, Landkreis",DE26B,2017,,86.0,289.3345,16.838243,1,16.2964,1.5382374e+07
09678,"Schweinfurt, Landkreis",DE26B,2018,,59.12,106.32819,19.13189,9,17.31755,1.7933828e+07
09678,"Schweinfurt, Landkreis",DE26B,2019,,57.44,189.10547,17.847082,4,15.596123,1.7025808e+07
09678,"Schweinfurt, Landkreis",DE26B,2020,3347.0,61.54,153.75818,18.365898,9,14.512751,1.6631809e+07
09678,"Schweinfurt, Landkreis",DE26B,2021,,81.18,255.09818,16.948511,0,15.109714,1.4874017e+07
09679,"Würzburg, Landkreis",DE26C,2017,,95.47,286.07202,17.049757,1,16.426367,1.5535201e+07
09679,"Würzburg, Landkreis",DE26C,2018,,60.18,102.341995,19.280684,10,17.302448,1.800189e+07
09679,"Würzburg, Landkreis",DE26C,2019,,79.29,179.426,17.932316,5,15.54829,1.726784e+07
09679,"Würzburg, Landkreis",DE26C,2020,7092.0,72.46,149.505,18.59097,9,14.629477,1.6801342e+07
09679,"Würzburg, Landkreis",DE26C,2021,,89.47,258.324,17.059631,0,15.146135,1.4955354e+07
09771,"Aichach-Friedberg, Landkreis",DE275,2017,,95.09,297.48004,16.953623,2,16.498243,1.600363e+07
09771,"Aichach-Friedberg, Landkreis",DE275,2018,,95.42,201.52599,18.797863,8,16.885103,1.7628798e+07
09771,"Aichach-Friedberg, Landkreis",DE275,2019,,94.89,311.15305,17.631641,5,15.127306,1.6858454e+07
09771,"Aichach-Friedberg, Landkreis",DE275,2020,987.0,99.54,271.557,17.713818,4,14.034641,1.6744707e+07
09771,"Aichach-Friedberg, Landkreis",DE275,2021,,89.75,350.76596,16.743254,0,14.648521,1.5619923e+07
09772,"Augsburg, Landkreis",DE276,2017,,94.89,309.78455,16.64858,2,16.101332,1.6154431e+07
09772,"Augsburg, Landkreis",DE276,2018,,81.73,210.08911,18.523949,7,16.494505,1.7684892e+07
09772,"Augsburg, Landkreis",DE276,2019,,94.1,308.65457,17.316177,3,14.693773,1.6977454e+07
09772,"Augsburg, Landkreis",DE276,2020,1633.0,94.69,299.23,17.436054,3,13.785262,1.6920642e+07
09772,"Augsburg, Landkreis",DE276,2021,,81.81,364.17093,16.432262,0,14.264572,1.5749409e+07
09773,"Dillingen an der Donau, Landkreis",DE277,2017,,96.72,274.66275,16.863129,2,16.354418,1.5945269e+07
09773,"Dillingen an der Donau, Landkreis",DE277,2018,,74.76,180.12727,18.683287,8,16.809721,1.7662966e+07
09773,"Dillingen an der Donau, Landkreis",DE277,2019,,92.39,249.75998,17.648632,5,15.07296,1.7119054e+07
09773,"Dillingen an der Donau, Landkreis",DE277,2020,1960.0,97.29,249.62816,17.695807,3,14.134921,1.690512e+07
09773,"Dillingen an der Donau, Landkreis",DE277,2021,,85.71,309.94543,16.585121,0,14.54537,1.5662351e+07
09774,"Günzburg, Landkreis",DE278,2017,,102.74,286.497,16.5973,2,15.9844475,1.6209305e+07
09774,"Günzburg, Landkreis",DE278,2018,,87.47,192.351,18.565311,8,16.442286,1.7759696e+07
09774,"Günzburg, Landkreis",DE278,2019,,98.16,271.69598,17.344841,4,14.643275,1.718551e+07
09774,"Günzburg, Landkreis",DE278,2020,605.0,97.96,279.82104,17.435131,3,13.838123,1.7095142e+07
09774,"Günzburg, Landkreis",DE278,2021,,88.63,342.661,16.31947,0,14.14628,1.5865823e+07
09775,"Neu-Ulm, Landkreis",DE279,2017,,83.9,294.914,16.483215,1,15.891821,1.6154102e+07
09775,"Neu-Ulm, Landkreis",DE279,2018,,78.02,196.452,18.430872,7,16.215517,1.7747012e+07
09775,"Neu-Ulm, Landkreis",DE279,2019,,78.5,276.46,17.187336,3,14.496372,1.7211524e+07
09775,"Neu-Ulm, Landkreis",DE279,2020,,83.52,292.88998,17.370634,3,13.762695,1.7135284e+07
09775,"Neu-Ulm, Landkreis",DE279,2021,,74.05,346.342,16.208212,0,14.004343,1.5861468e+07
09778,"Unterallgäu, Landkreis",DE27C,2020,66.0,,352.87695,16.887568,1,13.255636,1.7077154e+07
09779,"Donau-Ries, Landkreis",DE27D,2017,,89.63,284.77603,16.59592,2,16.214563,1.5785869e+07
09779,"Donau-Ries, Landkreis",DE27D,2018,,89.56,159.02533,18.393208,5,16.632286,1.782144e+07
09779,"Donau-Ries, Landkreis",DE27D,2019,,94.07,238.54533,17.455559,4,15.016155,1.7165898e+07
09779,"Donau-Ries, Landkreis",DE27D,2020,3404.0,91.56,229.26668,17.56348,3,13.945675,1.685963e+07
09779,"Donau-Ries, Landkreis",DE27D,2021,,83.52,279.43396,16.375677,0,14.394966,1.5465785e+07
12062,"Elbe-Elster, Landkreis",DE407,2017,,73.01,214.94727,17.702103,2,16.871075,1.4983638e+07
12062,"Elbe-Elster, Landkreis",DE407,2018,,69.87,103.10773,20.06206,18,18.22074,1.7038026e+07
12062,"Elbe-Elster, Landkreis",DE407,2019,,67.12,154.39865,18.789448,8,17.105742,1.5910353e+07
12063,"Havelland, Landkreis",DE408,2017,,82.28,232.71524,17.192549,1,16.318146,1.424652e+07
12063,"Havelland, Landkreis",DE408,2018,,43.18,81.40652,19.623201,14,18.004574,1.7105138e+07
12063,"Havelland, Landkreis",DE408,2019,,61.82,175.49434,18.464497,8,17.183043,1.5230685e+07
12063,"Havelland, Landkreis",DE408,2020,420.0,78.13,180.84521,18.425081,5,15.592851,1.5142778e+07
12063,"Havelland, Landkreis",DE408,2021,,68.86,220.58653,17.873669,0,16.235563,1.3804186e+07
12064,"Märkisch-Oderland, Landkreis",DE409,2017,,67.79,253.29373,17.187557,1,16.16364,1.4624406e+07
12064,"Märkisch-Oderland, Landkreis",DE409,2018,,61.8,132.03188,19.274399,11,17.789196,1.6743385e+07
12064,"Märkisch-Oderland, Landkreis",DE409,2019,,56.83,177.69283,18.484636,8,17.15078,1.5302735e+07
12064,"Märkisch-Oderland, Landkreis",DE409,2020,1463.0,42.86,181.88031,18.54989,7,15.325794,1.5312525e+07
12068,"Ostprignitz-Ruppin, Landkreis",DE40D,2018,,60.95,88.16333,19.075861,10,17.46945,1.6915116e+07
12068,"Ostprignitz-Ruppin, Landkreis",DE40D,2020,243.0,,176.9197,17.82553,3,14.9372635,1.4977575e+07
12069,"Potsdam-Mittelmark, Landkreis",DE40E,2018,,37.35,79.018845,19.844719,15,18.076054,1.7116704e+07
12069,"Potsdam-Mittelmark, Landkreis",DE40E,2019,,50.02,171.66513,18.677217,9,17.400976,1.5483382e+07
12069,"Potsdam-Mittelmark, Landkreis",DE40E,2020,275.0,,179.85658,18.718023,6,15.709627,1.5255964e+07
12070,"Prignitz, Landkreis",DE40F,2017,,75.49,275.07,16.493572,0,15.601127,1.3598703e+07
12070,"Prignitz, Landkreis",DE40F,2018,,51.99,82.20313,18.965809,10,17.45409,1.6830494e+07
12070,"Prignitz, Landkreis",DE40F,2019,,73.23,189.20686,17.68402,4,16.188927,1.4627882e+07
12070,"Prignitz, Landkreis",DE40F,2020,1094.0,74.04,179.7503,17.67404,3,14.909092,1.4797101e+07
12070,"Prignitz, Landkreis",DE40F,2021,,81.77,200.0922,17.509872,0,15.581775,1.367467e+07
12072,"Teltow-Fläming, Landkreis",DE40H,2020,246.0,,171.93779,18.98987,7,15.787835,1.5362973e+07
12073,"Uckermark, Landkreis",DE40I,2017,,70.55,264.81998,16.633173,0,15.386966,1.4157742e+07
12073,"Uckermark, Landkreis",DE40I,2018,,47.88,119.862686,18.790222,5,17.076077,1.6630652e+07
12073,"Uckermark, Landkreis",DE40I,2019,,65.31,187.30707,17.91132,3,16.306229,1.4996964e+07
12073,"Uckermark, Landkreis",DE40I,2020,2723.0,67.05,191.17,17.661335,4,14.5582075,1.5104993e+07
12073,"Uckermark, Landkreis",DE40I,2021,,70.94,254.83951,17.589417,0,15.441096,1.3920391e+07
13071,"Mecklenburgische Seenplatte, Landkreis",DE80J,2017,,73.11,243.13826,16.36568,0,15.059105,1.3761824e+07
13071,"Mecklenburgische Seenplatte, Landkreis",DE80J,2018,,56.56,92.75636,18.622282,6,16.716934,1.6567289e+07
13071,"Mecklenburgische Seenplatte, Landkreis",DE80J,2019,,67.96,190.87985,17.44167,3,15.676661,1.477844e+07
13071,"Mecklenburgische Seenplatte, Landkreis",DE80J,2020,7185.0,73.35,194.34743,17.27036,2,14.205484,1.4941039e+07
13071,"Mecklenburgische Seenplatte, Landkreis",DE80J,2021,,70.82,226.50703,17.457794,0,15.062933,1.3927505e+07
13072,"Rostock, Landkreis",DE80K,2017,,74.88,272.59143,16.01645,0,14.671229,1.3878627e+07
13072,"Rostock, Landkreis",DE80K,2018,,68.44,101.83306,18.349758,5,16.43433,1.6622244e+07
13072,"Rostock, Landkreis",DE80K,2019,,77.78,198.47816,17.107586,0,14.985216,1.4886357e+07
13072,"Rostock, Landkreis",DE80K,2020,5173.0,80.78,178.75163,16.999552,0,13.968549,1.5250381e+07
13072,"Rostock, Landkreis",DE80K,2021,,74.57,205.0206,17.290936,0,14.633945,1.424321e+07
13073,"Vorpommern-Rügen, Landkreis",DE80L,2017,,79.26,262.7029,16.130983,0,14.344463,1.4031502e+07
13073,"Vorpommern-Rügen, Landkreis",DE80L,2018,,69.9,103.707085,18.493977,3,15.889843,1.6542492e+07
13073,"Vorpommern-Rügen, Landkreis",DE80L,2019,,81.19,205.66513,17.181618,0,14.683704,1.5079917e+07
13073,"Vorpommern-Rügen, Landkreis",DE80L,2020,4385.0,82.62,215.22878,17.0333,0,13.72381,1.5220959e+07
13073,"Vorpommern-Rügen, Landkreis",DE80L,2021,,90.37,234.46683,17.39337,0,14.44543,1.4339462e+07
13074,"Nordwestmecklenburg, Landkreis",DE80M,2017,,72.98,283.8963,15.926661,0,14.690957,1.3734035e+07
13074,"Nordwestmecklenburg, Landkreis",DE80M,2018,,56.48,107.66999,18.249323,6,16.401112,1.6638829e+07
13074,"Nordwestmecklenburg, Landkreis",DE80M,2019,,78.22,195.16765,17.054314,1,14.845948,1.4682791e+07
13074,"Nordwestmecklenburg, Landkreis",DE80M,2020,4362.17,79.01,167.73235,17.045868,0,14.094618,1.5184429e+07
13074,"Nordwestmecklenburg, Landkreis",DE80M,2021,,63.41,208.08102,17.120214,0,14.499795,1.4068138e+07
13075,"Vorpommern-Greifswald, Landkreis",DE80N,2017,,73.54,248.55807,16.502983,0,15.068354,1.3899733e+07
13075,"Vorpommern-Greifswald, Landkreis",DE80N,2018,,57.17,114.63788,18.832716,4,16.718288,1.6468246e+07
13075,"Vorpommern-Greifswald, Landkreis",DE80N,2019,,70.15,185.56442,17.673056,3,15.7851925,1.4967939e+07
13075,"Vorpommern-Greifswald, Landkreis",DE80N,2020,8008.0,70.87,210.596,17.424284,2,14.21489,1.5022696e+07
13075,"Vorpommern-Greifswald, Landkreis",DE80N,2021,,71.76,259.16498,17.651054,0,15.254386,1.4029327e+07
13076,"Ludwigslust-Parchim, Landkreis",DE80O,2017,,72.92,298.72836,16.1448,0,15.210793,1.3457625e+07
13076,"Ludwigslust-Parchim, Landkreis",DE80O,2018,,61.26,93.37452,18.543846,9,17.013393,1.6589055e+07
13076,"Ludwigslust-Parchim, Landkreis",DE80O,2019,,70.64,194.36613,17.269714,2,15.539743,1.4485286e+07
13076,"Ludwigslust-Parchim, Landkreis",DE80O,2020,1043.74,77.22,170.61293,17.278173,2,14.540702,1.4841263e+07
13076,"Ludwigslust-Parchim, Landkreis",DE80O,2021,,50.36,195.89081,17.310667,0,15.117252,1.3730874e+07
14522,"Mittelsachsen, Landkreis",DED43,2017,,85.53,258.01904,16.503542,2,15.70547,1.5070065e+07
14522,"Mittelsachsen, Landkreis",DED43,2018,,69.54,98.079994,18.75052,8,16.497286,1.7129464e+07
14522,"Mittelsachsen, Landkreis",DED43,2019,,81.15,197.91612,17.40299,2,15.548095,1.6153658e+07
14522,"Mittelsachsen, Landkreis",DED43,2020,2267.0,78.58,215.10194,17.745691,3,13.811549,1.6136196e+07
14522,"Mittelsachsen, Landkreis",DED43,2021,,84.01,319.68707,16.635386,0,14.739242,1.4370344e+07
14524,"Zwickau, Landkreis",DED45,2017,,77.97,244.14769,16.611225,1,15.8598175,1.4774404e+07
14524,"Zwickau, Landkreis",DED45,2018,,52.07,85.78077,18.792164,8,16.49933,1.7077448e+07
14524,"Zwickau, Landkreis",DED45,2019,,57.32,193.64462,17.559616,2,15.638721,1.6084359e+07
14524,"Zwickau, Landkreis",DED45,2020,211.0,72.09,206.94461,17.798302,5,13.781299,1.6057898e+07
14524,"Zwickau, Landkreis",DED45,2021,,72.21,335.4954,16.569056,0,14.739686,1.4016376e+07
14625,"Bautzen, Landkreis",DED2C,2017,,76.37,279.63773,17.245924,2,16.321548,1.5158808e+07
14625,"Bautzen, Landkreis",DED2C,2018,,52.65,121.42355,19.658075,13,17.716213,1.692066e+07
14625,"Bautzen, Landkreis",DED2C,2019,,63.49,174.18806,18.303892,2,16.433115,1.5944632e+07
14625,"Bautzen, Landkreis",DED2C,2020,840.0,73.89,208.62743,18.628546,3,14.829848,1.5984562e+07
14625,"Bautzen, Landkreis",DED2C,2021,,73.95,267.7045,17.695969,0,15.712013,1.438602e+07
14626,"Görlitz, Landkreis",DED2D,2017,,71.42,329.3622,17.076416,2,16.106113,1.5115876e+07
14626,"Görlitz, Landkreis",DED2D,2018,,47.91,131.68704,19.452854,12,17.614683,1.6942074e+07
14626,"Görlitz, Landkreis",DED2D,2019,,61.06,202.81296,18.080141,3,16.333292,1.582164e+07
14626,"Görlitz, Landkreis",DED2D,2020,730.0,70.49,228.40443,18.272223,3,14.7022505,1.5907921e+07
14626,"Görlitz, Landkreis",DED2D,2021,,73.13,292.66666,17.522512,0,15.597132,1.4444433e+07
14627,"Meißen, Landkreis",DED2E,2017,,86.61,233.70888,17.5612,2,16.696753,1.5215103e+07
14627,"Meißen, Landkreis",DED2E,2018,,65.31,100.545,19.88434,16,17.739548,1.7156328e+07
14627,"Meißen, Landkreis",DED2E,2019,,76.53,159.72888,18.520473,4,16.596127,1.6173786e+07
14627,"Meißen, Landkreis",DED2E,2020,2724.0,74.81,188.95389,19.003595,7,15.136695,1.6154225e+07
14627,"Meißen, Landkreis",DED2E,2021,,87.97,256.65942,17.887287,0,15.973927,1.4472607e+07
14628,"Sächsische Schweiz-Osterzgebirge, Landkreis",DED2F,2017,,75.4,312.0242,16.283209,1,15.490853,1.5205991e+07
14628,"Sächsische Schweiz-Osterzgebirge, Landkreis",DED2F,2018,,54.64,114.02474,18.553804,9,16.37248,1.6937862e+07
14628,"Sächsische Schweiz-Osterzgebirge, Landkreis",DED2F,2019,,68.69,196.41264,17.308546,2,15.411836,1.6051772e+07
14713,"Leipzig, kreisfreie Stadt",DED51,2017,,81.1,202.29999,17.872211,4,17.066908,1.4795839e+07
14713,"Leipzig, kreisfreie Stadt",DED51,2018,,46.39,82.342,20.206488,21,18.0055,1.7258524e+07
14713,"Leipzig, kreisfreie Stadt",DED51,2019,,56.31,169.366,18.882013,9,16.86663,1.6118691e+07
14713,"Leipzig, kreisfreie Stadt",DED51,2020,313.0,50.82,184.32799,19.040438,7,15.210567,1.5939573e+07
14713,"Leipzig, kreisfreie Stadt",DED51,2021,,82.9,281.248,17.902334,0,15.956294,1.4273614e+07
14729,"Leipzig, Landkreis",DED52,2017,,82.9,204.87851,17.637781,3,16.839064,1.4940725e+07
14729,"Leipzig, Landkreis",DED52,2018,,49.74,86.515,19.956108,19,17.722221,1.7287128e+07
14729,"Leipzig, Landkreis",DED52,2019,,61.85,171.83,18.58633,8,16.648968,1.6201426e+07
14729,"Leipzig, Landkreis",DED52,2020,3085.0,54.55,183.111,18.850147,7,14.966855,1.6077464e+07
14729,"Leipzig, Landkreis",DED52,2021,,82.49,287.7495,17.651993,0,15.763069,1.4351489e+07
14730,"Nordsachsen, Landkreis",DED53,2017,,77.37,201.87036,17.823072,2,17.00555,1.4990496e+07
14730,"Nordsachsen, Landkreis",DED53,2018,,42.49,86.96519,20.201262,20,18.13356,1.7303172e+07
14730,"Nordsachsen, Landkreis",DED53,2019,,55.55,160.21149,18.835752,9,16.972488,1.6133383e+07
14730,"Nordsachsen, Landkreis",DED53,2020,4002.0,53.55,167.38223,19.171806,7,15.451189,1.5988875e+07
14730,"Nordsachsen, Landkreis",DED53,2021,,82.84,263.9682,17.981295,0,16.120195,1.4411562e+07
15001,"Dessau-Roßlau, kreisfreie Stadt",DEE01,2019,,42.98,171.10751,19.022839,11,17.34213,1.5835896e+07
15001,"Dessau-Roßlau, kreisfreie Stadt",DEE01,2020,91.0,,177.315,19.026289,7,15.7485075,1.5577397e+07
15002,"Halle (Saale), kreisfreie Stadt",DEE02,2019,,48.72,148.66501,19.024176,10,16.932432,1.6009624e+07
15003,"Magdeburg, kreisfreie Stadt",DEE03,2017,,64.26,249.48999,17.414295,1,16.601587,1.4155812e+07
15003,"Magdeburg, kreisfreie Stadt",DEE03,2018,,46.3,73.94666,19.934097,17,18.009182,1.7293538e+07
15003,"Magdeburg, kreisfreie Stadt",DEE03,2019,,56.92,168.39336,18.662046,11,16.864494,1.5595295e+07
15003,"Magdeburg, kreisfreie Stadt",DEE03,2020,409.0,52.16,168.59001,18.726595,7,15.456081,1.5440982e+07
15003,"Magdeburg, kreisfreie Stadt",DEE03,2021,,74.13,214.76,17.946545,0,16.122807,1.4014449e+07
15081,Altmarkkreis Salzwedel,DEE04,2017,,71.39,285.8172,16.765078,0,15.995425,1.3717532e+07
15081,Altmarkkreis Salzwedel,DEE04,2018,,44.29,83.15532,19.31892,12,17.787813,1.700525e+07
15081,Altmarkkreis Salzwedel,DEE04,2019,,55.17,187.32094,18.00919,9,16.32739,1.4901373e+07
15081,Altmarkkreis Salzwedel,DEE04,2020,3145.0,59.09,175.07,17.944138,6,15.207378,1.490437e+07
15081,Altmarkkreis Salzwedel,DEE04,2021,,67.45,194.51437,17.635975,0,15.817683,1.3543193e+07
15082,"Anhalt-Bitterfeld, Landkreis",DEE05,2017,,75.25,221.63423,17.712507,2,16.920576,1.4571521e+07
15082,"Anhalt-Bitterfeld, Landkreis",DEE05,2018,,27.09,75.77895,20.051664,16,18.180897,1.7375764e+07
15082,"Anhalt-Bitterfeld, Landkreis",DEE05,2019,,38.75,165.74734,18.906927,10,17.07154,1.5925625e+07
15082,"Anhalt-Bitterfeld, Landkreis",DEE05,2020,4044.0,46.66,172.40738,18.938604,7,15.522554,1.5669734e+07
15082,"Anhalt-Bitterfeld, Landkreis",DEE05,2021,,69.44,241.03525,18.046862,0,16.177086,1.4272369e+07
15083,"Börde, Landkreis",DEE07,2017,,74.33,272.23422,16.906744,0,16.087921,1.4057757e+07
15083,"Börde, Landkreis",DEE07,2018,,49.59,78.66227,19.468952,14,17.62557,1.7340756e+07
15083,"Börde, Landkreis",DEE07,2019,,53.64,161.08388,18.174206,9,16.254786,1.5541156e+07
15083,"Börde, Landkreis",DEE07,2020,9637.0,66.66,170.60161,18.191408,7,15.0211735,1.5435025e+07
15083,"Börde, Landkreis",DEE07,2021,,74.19,205.68936,17.547459,0,15.690572,1.3931997e+07
15084,Burgenlandkreis,DEE08,2017,,83.67,208.95294,17.23896,2,16.500439,1.4876217e+07
15084,Burgenlandkreis,DEE08,2018,,53.81,92.119995,19.542042,15,17.307293,1.7394992e+07
15084,Burgenlandkreis,DEE08,2019,,56.33,160.43944,18.348652,8,16.241222,1.6324605e+07
15084,Burgenlandkreis,DEE08,2020,4540.0,61.99,183.51587,18.54352,5,14.71548,1.6121799e+07
15084,Burgenlandkreis,DEE08,2021,,83.19,287.44528,17.314692,0,15.432412,1.4344284e+07
15085,"Harz, Landkreis",DEE09,2017,,80.89,305.13034,15.971513,0,15.223774,1.4194063e+07
15085,"Harz, Landkreis",DEE09,2018,,41.12,96.1569,18.356604,9,16.364893,1.7471924e+07
15085,"Harz, Landkreis",DEE09,2019,,51.89,165.25587,17.097988,3,14.968435,1.5782017e+07
15085,"Harz, Landkreis",DEE09,2020,5968.0,52.96,189.93689,17.208284,4,13.901914,1.5564004e+07
15085,"Harz, Landkreis",DEE09,2021,,69.58,229.78206,16.479488,0,14.628363,1.411691e+07
15086,"Jerichower Land, Landkreis",DEE06,2017,,73.56,240.48701,17.34275,1,16.595768,1.4199731e+07
15086,"Jerichower Land, Landkreis",DEE06,2018,,44.32,73.8055,19.878622,15,18.131886,1.7266864e+07
15086,"Jerichower Land, Landkreis",DEE06,2019,,45.8,178.597,18.56947,10,17.083017,1.5487224e+07
15086,"Jerichower Land, Landkreis",DEE06,2020,1988.0,54.28,177.1775,18.621075,6,15.5797415,1.5366877e+07
15086,"Jerichower Land, Landkreis",DEE06,2021,,69.04,219.63152,17.890928,0,16.219088,1.3987789e+07
15087,"Mansfeld-Südharz, Landkreis",DEE0A,2017,,77.46,239.95778,16.653036,0,15.953665,1.4452847e+07
15087,"Mansfeld-Südharz, Landkreis",DEE0A,2018,,47.55,84.013336,18.997053,12,16.975279,1.7364652e+07
15087,"Mansfeld-Südharz, Landkreis",DEE0A,2019,,59.88,155.1311,17.851534,7,15.717236,1.6025085e+07
15087,"Mansfeld-Südharz, Landkreis",DEE0A,2020,3078.0,56.85,176.9161,17.990198,5,14.540021,1.5694938e+07
15087,"Mansfeld-Südharz, Landkreis",DEE0A,2021,,79.04,230.06389,17.05735,0,15.159723,1.4280113e+07
15088,Saalekreis,DEE0B,2017,,78.29,205.26947,17.613766,2,16.821371,1.4689023e+07
15088,Saalekreis,DEE0B,2018,,36.26,83.183685,19.89691,17,17.816692,1.735331e+07
15088,Saalekreis,DEE0B,2019,,43.68,151.30159,18.787312,10,16.636545,1.6151347e+07
15088,Saalekreis,DEE0B,2020,6826.0,53.32,173.4421,18.901312,7,15.238683,1.5867761e+07
15088,Saalekreis,DEE0B,2021,,76.5,254.29683,17.82489,0,15.865717,1.4330468e+07
15089,Salzlandkreis,DEE0C,2017,,69.6,246.93312,17.419231,1,16.591745,1.4367015e+07
15089,Salzlandkreis,DEE0C,2018,,36.49,75.35687,19.826183,17,17.801167,1.7431854e+07
15089,Salzlandkreis,DEE0C,2019,,44.07,160.56812,18.663675,10,16.66993,1.5886641e+07
15089,Salzlandkreis,DEE0C,2020,6297.0,47.64,168.24501,18.73631,7,15.243073,1.5639802e+07
15089,Salzlandkreis,DEE0C,2021,,62.76,221.1325,17.866137,0,15.953723,1.4236531e+07
15090,"Stendal, Landkreis",DEE0D,2017,,68.64,257.80142,17.033003,0,16.2279,1.3897165e+07
15090,"Stendal, Landkreis",DEE0D,2018,,44.64,77.78251,19.555243,14,18.009626,1.714391e+07
15090,"Stendal, Landkreis",DEE0D,2019,,48.78,185.91464,18.203253,8,16.798725,1.5040856e+07
15090,"Stendal, Landkreis",DEE0D,2020,1864.0,66.67,181.06322,18.22241,7,15.449045,1.5062525e+07
15090,"Stendal, Landkreis",DEE0D,2021,,70.68,202.60394,17.813719,0,16.110565,1.3789561e+07
15091,"Wittenberg, Landkreis",DEE0E,2017,,57.13,221.89499,17.663525,1,16.924032,1.4789557e+07
15091,"Wittenberg, Landkreis",DEE0E,2018,,30.86,83.69384,20.142664,19,18.32108,1.7293178e+07
15091,"Wittenberg, Landkreis",DEE0E,2019,,48.9,163.39961,18.895153,10,17.382244,1.5878795e+07
15091,"Wittenberg, Landkreis",DEE0E,2020,,59.71,172.08002,18.997347,8,15.698871,1.5632931e+07
15091,"Wittenberg, Landkreis",DEE0E,2021,,67.21,249.8627,18.027956,0,16.327726,1.4181965e+07
16051,"Erfurt, kreisfreie Stadt",DEG01,2017,,79.44,288.54,16.8291,1,16.167936,1.4876664e+07
16051,"Erfurt, kreisfreie Stadt",DEG01,2018,,47.92,111.79,19.16495,14,16.892788,1.742099e+07
16051,"Erfurt, kreisfreie Stadt",DEG01,2019,,57.62,155.2,18.075663,7,15.779279,1.6233862e+07
16051,"Erfurt, kreisfreie Stadt",DEG01,2020,300.0,60.49,175.53,18.281942,6,14.548497,1.6003757e+07
16051,"Erfurt, kreisfreie Stadt",DEG01,2021,,68.77,294.77997,17.038244,0,15.217297,1.4245756e+07
16052,"Gera, kreisfreie Stadt",DEG02,2017,,82.55,227.90001,16.976757,2,16.246042,1.4870822e+07
16052,"Gera, kreisfreie Stadt",DEG02,2018,,62.59,95.75001,19.192114,14,16.86468,1.7233158e+07
16052,"Gera, kreisfreie Stadt",DEG02,2019,,86.47,190.02002,17.888725,5,15.92761,1.6265443e+07
16052,"Gera, kreisfreie Stadt",DEG02,2020,127.0,79.79,203.82999,18.129246,5,14.143803,1.6171218e+07
16052,"Gera, kreisfreie Stadt",DEG02,2021,,87.81,336.13,16.858889,0,15.017102,1.4170861e+07
16061,"Eichsfeld, Landkreis",DEG06,2018,,54.93,106.59538,18.15595,9,16.133467,1.7718248e+07
16061,"Eichsfeld, Landkreis",DEG06,2019,,69.35,160.61461,16.674122,3,14.537281,1.5687663e+07
16061,"Eichsfeld, Landkreis",DEG06,2020,548.0,70.09,182.81459,16.886335,3,13.630391,1.5478317e+07
16061,"Eichsfeld, Landkreis",DEG06,2021,,75.32,228.82307,16.00285,0,14.3126745,1.3980779e+07
16062,"Nordhausen, Landkreis",DEG07,2017,,75.36,288.821,15.67746,0,15.136623,1.4417344e+07
16062,"Nordhausen, Landkreis",DEG07,2018,,43.37,98.218,18.131155,9,16.215609,1.7569898e+07
16062,"Nordhausen, Landkreis",DEG07,2019,,71.53,160.957,16.793415,2,14.739636,1.592585e+07
16062,"Nordhausen, Landkreis",DEG07,2020,369.0,69.8,179.15201,17.039082,4,13.758138,1.5643673e+07
16062,"Nordhausen, Landkreis",DEG07,2021,,66.01,212.35602,16.101274,0,14.383507,1.4250166e+07
16063,Wartburgkreis,DEG0P,2017,,81.28,307.80197,15.847667,0,15.356869,1.45977e+07
16063,Wartburgkreis,DEG0P,2018,,66.57,108.078,18.308165,8,16.13493,1.7719088e+07
16063,Wartburgkreis,DEG0P,2019,,77.28,152.462,16.814375,3,14.562127,1.6039595e+07
16063,Wartburgkreis,DEG0P,2020,90.0,77.42,168.83,17.176285,4,13.6561775,1.5795691e+07
16063,Wartburgkreis,DEG0P,2021,,79.16,274.51804,16.016834,0,14.285957,1.4118282e+07
16064,Unstrut-Hainich-Kreis,DEG09,2017,,72.27,279.89868,16.17322,0,15.562564,1.4631232e+07
16064,Unstrut-Hainich-Kreis,DEG09,2018,,51.44,100.506,18.818066,13,16.548285,1.7672268e+07
16064,Unstrut-Hainich-Kreis,DEG09,2019,,66.03,140.83467,17.352188,5,15.017333,1.6052179e+07
16064,Unstrut-Hainich-Kreis,DEG09,2020,1259.0,66.28,170.50467,17.643692,5,14.080555,1.580716e+07
16064,Unstrut-Hainich-Kreis,DEG09,2021,,73.32,223.89401,16.522528,0,14.735712,1.4244616e+07
16065,Kyffhäuserkreis,DEG0A,2017,,70.5,250.27847,16.580444,0,15.92045,1.4639538e+07
16065,Kyffhäuserkreis,DEG0A,2018,,50.35,90.93846,19.058966,13,16.924978,1.7507042e+07
16065,Kyffhäuserkreis,DEG0A,2019,,49.45,145.99077,17.832808,7,15.599405,1.6146609e+07
16065,Kyffhäuserkreis,DEG0A,2020,1151.0,64.61,169.13385,18.049196,5,14.541438,1.5851782e+07
16065,Kyffhäuserkreis,DEG0A,2021,,76.77,228.16766,16.985306,0,15.158571,1.4348903e+07
16066,"Schmalkalden-Meiningen, Landkreis",DEG0B,2017,,61.92,319.62524,15.357391,0,14.9164715,1.4680207e+07
16066,"Schmalkalden-Meiningen, Landkreis",DEG0B,2018,,58.28,113.75294,17.623201,4,15.658942,1.7559772e+07
16066,"Schmalkalden-Meiningen, Landkreis",DEG0B,2019,,69.81,175.64,16.303883,3,14.177311,1.6175537e+07
16066,"Schmalkalden-Meiningen, Landkreis",DEG0B,2020,91.0,,173.20177,16.67669,2,13.101267,1.5894541e+07
16067,"Gotha, Landkreis",DEG0C,2017,,79.36,307.55362,15.885205,0,15.243499,1.4821512e+07
16067,"Gotha, Landkreis",DEG0C,2018,,56.87,113.66819,18.333948,7,15.997371,1.7578616e+07
16067,"Gotha, Landkreis",DEG0C,2019,,63.8,160.20454,17.021336,3,14.679971,1.6190045e+07
16067,"Gotha, Landkreis",DEG0C,2020,1010.0,58.98,180.02272,17.291557,5,13.558147,1.5961273e+07
16067,"Gotha, Landkreis",DEG0C,2021,,72.15,283.23636,16.080734,0,14.231724,1.422385e+07
16068,"Sömmerda, Landkreis",DEG0D,2017,,73.49,232.30545,16.968727,1,16.305307,1.4705056e+07
16068,"Sömmerda, Landkreis",DEG0D,2018,,44.3,90.750916,19.494701,14,17.274233,1.7395872e+07
16068,"Sömmerda, Landkreis",DEG0D,2019,,46.11,134.2518,18.355146,9,16.050098,1.6159437e+07
16068,"Sömmerda, Landkreis",DEG0D,2020,2059.0,59.6,159.28181,18.558641,6,14.907735,1.5890652e+07
16068,"Sömmerda, Landkreis",DEG0D,2021,,80.24,243.69273,17.335499,0,15.525399,1.4277152e+07
16070,Ilm-Kreis,DEG0F,2017,,85.39,300.698,15.630009,0,15.025357,1.4853525e+07
16070,Ilm-Kreis,DEG0F,2018,,63.03,120.020004,17.923738,5,15.71374,1.7422302e+07
16070,Ilm-Kreis,DEG0F,2020,287.0,,189.20103,17.036135,4,13.242766,1.6015894e+07
16070,Ilm-Kreis,DEG0F,2021,,69.69,308.97,15.791168,0,13.932799,1.418917e+07
16071,"Weimarer Land, Landkreis",DEG0G,2017,,81.94,231.98555,16.661345,1,15.960443,1.483503e+07
16071,"Weimarer Land, Landkreis",DEG0G,2018,,58.91,98.72778,19.01037,10,16.706184,1.7324214e+07
16071,"Weimarer Land, Landkreis",DEG0G,2019,,58.65,143.5789,17.955025,6,15.67249,1.6246392e+07
16071,"Weimarer Land, Landkreis",DEG0G,2020,1451.0,62.34,168.20332,18.16073,5,14.306001,1.6032033e+07
16071,"Weimarer Land, Landkreis",DEG0G,2021,,80.77,300.5878,16.849098,0,15.012488,1.4227321e+07
16074,Saale-Holzland-Kreis,DEG0J,2017,,80.29,226.70668,16.787958,2,16.089819,1.4819002e+07
16074,Saale-Holzland-Kreis,DEG0J,2018,,61.59,98.716675,19.057423,13,16.729506,1.721925e+07
16074,Saale-Holzland-Kreis,DEG0J,2019,,67.75,164.68,17.88972,5,15.759493,1.621931e+07
16074,Saale-Holzland-Kreis,DEG0J,2020,86.0,68.96,182.26335,18.148726,5,14.159717,1.6075484e+07
16074,Saale-Holzland-Kreis,DEG0J,2021,,79.72,326.87997,16.784517,0,14.962262,1.4121568e+07
16075,Saale-Orla-Kreis,DEG0K,2017,,83.68,258.75714,15.724076,0,15.114698,1.4742038e+07
16075,Saale-Orla-Kreis,DEG0K,2018,,54.88,104.91072,17.879808,4,15.711079,1.715198e+07
16075,Saale-Orla-Kreis,DEG0K,2019,,54.3,185.98643,16.76105,2,14.682221,1.6117632e+07
16075,Saale-Orla-Kreis,DEG0K,2020,84.0,71.78,205.34145,16.988825,4,13.02489,1.6031041e+07
16075,Saale-Orla-Kreis,DEG0K,2021,,77.53,343.03714,15.710445,0,13.844145,1.3903172e+07
16076,"Greiz, Landkreis",DEG0L,2017,,77.72,239.49817,16.65291,2,15.923345,1.4819126e+07
16076,"Greiz, Landkreis",DEG0L,2018,,63.3,93.37728,18.851847,8,16.525219,1.7183596e+07
16076,"Greiz, Landkreis",DEG0L,2019,,72.54,191.40363,17.59908,2,15.580585,1.6194856e+07
16076,"Greiz, Landkreis",DEG0L,2020,288.0,63.28,202.7291,17.825647,5,13.804764,1.6126739e+07
16076,"Greiz, Landkreis",DEG0L,2021,,85.37,341.5118,16.559809,0,14.69125,1.4048493e+07
16077,"Altenburger Land, Landkreis",DEG0M,2017,,83.85,221.64001,17.18662,2,16.391665,1.4915334e+07
16077,"Altenburger Land, Landkreis",DEG0M,2018,,63.48,86.130005,19.38019,15,17.059082,1.7232184e+07
16077,"Altenburger Land, Landkreis",DEG0M,2019,,74.37,182.01997,18.111492,6,16.17586,1.6259356e+07
16077,"Altenburger Land, Landkreis",DEG0M,2020,1885.0,69.92,198.43999,18.336885,5,14.342058,1.6191942e+07
16077,"Altenburger Land, Landkreis",DEG0M,2021,,85.9,321.12,17.109478,0,15.266834,1.4222829e+07
