district_no,avg_elevation,avg_soil_pawc
08425,606.9436369425779,51.33948169282452
08115,470.12728664485354,48.94521501984948
08211,348.4807307348835,61.88524677680514
08426,591.2191950412184,46.22092495159257
08435,509.6451279850925,44.563155017604075
08315,630.3262670455495,59.10398044620179
08235,602.7310083302959,63.04296716016678
08316,400.2536251290681,57.577720791780365
08236,344.5751020205356,54.83696557366395
08116,405.42326998780766,47.57106300232231
08311,348.1592801641659,52.84836467711938
08237,671.9066988824525,62.43855560842635
08117,529.7905551701126,58.8354841916069
08221,224.38583580685565,59.10213425697269
08135,563.1313141604696,49.58376415770445
08125,256.19008124886005,52.63757019254051
08121,205.06973393977478,51.87046459605735
08126,336.4091301756647,55.46941274867426
08215,177.52681894776447,50.89967809672198
08212,136.63946411811875,52.69655821292977
08335,523.9657503956988,40.33646911363499
08336,589.8954519500072,63.354723280651314
08118,282.4640191800873,46.63304415170457
08128,333.40966965901134,51.929721011856586
08222,98.12139758716438,41.37472330983985
08225,355.92770085814504,55.70083988664711
08317,341.16015157859397,57.75733944169216
08136,511.27449327194546,53.95032864229496
08231,377.23027538687137,64.18558535301473
08216,345.6893364690716,59.39693431065192
08436,634.5472553824981,54.56626062034585
08119,382.74003891405704,56.07542370943023
08415,679.6749319707452,61.111247172791245
08226,209.02486963113478,54.230921024529486
08325,638.0526410637576,61.820787075980796
08127,438.4217083344317,55.9660877410672
08326,812.1760088924373,61.93864290097668
08437,674.2397170257681,49.55458230702874
08111,354.9420980627743,47.02420308255134
08416,448.1646930497327,46.87016127460084
08327,777.6081977549633,60.090590350002536
08421,536.7313610360313,43.70521133173014
08337,696.5870479283637,59.668605741639745
08417,714.5719257742226,61.650189931049745
09771,488.8423700832919,41.31451596523443
09171,439.9440029199491,51.53609114100415
09371,469.75933765454613,47.26774519841878
09361,414.2155734953746,39.958386562504856
09561,456.3299223768882,45.30968635088426
09571,449.61867557887064,44.64995754944797
09661,169.43594590767705,56.736483393824805
09671,300.7262300374704,57.35073939206801
09761,495.6830230908748,44.165112177714796
09772,510.95619728675194,43.52074393646736
09672,378.59059986764396,54.50920750922612
09173,840.013844624907,64.99580874268914
09461,267.82247161021576,43.28878314230201
09471,354.51425311703053,46.39872623882177
09462,381.1118532196472,44.33134068556825
09472,500.10181266765096,53.879358999365614
09172,965.1661397300294,71.71266256485679
09372,527.3328535124148,44.9618477687295
09463,340.32530660126724,44.40474571429117
09473,353.7904271423471,45.218517058585704
09174,497.4195387326888,42.40783205362409
09271,407.29489499139714,50.91396782333208
09773,454.59751391066357,41.17990861550313
09279,406.1664700824181,44.82995494398418
09779,460.92054801805193,42.675937419069754
09175,547.7265213438604,50.51750983582721
09176,467.73358623938043,44.97050160649565
09177,486.1818432301588,45.0013349006324
09572,321.519087521711,42.338211253587566
09562,295.60200854834636,42.30914760538697
09179,543.671344847516,44.93198598146209
09563,307.071968717044,41.11379817827849
09573,355.12600336415136,39.8564981078154
09474,399.792066512851,48.907831448068855
09178,467.81515302194964,43.12180830083252
09272,724.448949100668,63.582228107214426
09774,506.25228386240246,43.53821514599303
09180,1115.6683473011515,69.13202264637094
09674,328.89888500557123,46.22027646058158
09464,531.6422022711314,51.58556816908962
09475,581.1930344893303,55.08901230747167
09161,373.5096750258926,39.55312044509245
09762,720.3322137058539,64.4289209655223
09273,428.14115608089963,43.424758058301244
09763,723.5025205602071,66.0745964055712
09675,278.4854999450129,45.36807458445826
09476,504.1631188138885,59.51363712492085
09477,444.59590577821155,51.28303442774183
09181,627.7717723774085,49.032628629115536
09261,415.7580990417181,44.74333182802071
09274,461.1059024770922,44.336303727716256
09478,367.97145672004666,46.542393462987285
09776,674.6738147694596,63.63212842338942
09183,472.79598236795556,46.7971366972158
09162,521.5121962396062,44.92586102281985
09184,573.0318497778328,52.266215715956804
09677,310.7730440507332,56.03867990623019
09764,615.9448297652149,48.43942857776383
09182,921.146597025031,70.1577252883719
09676,297.1266770863703,58.32921233383006
09574,436.22490869736953,51.29382796740249
09564,322.47950696882003,42.3858348518189
09775,515.0072983744109,43.576099256786335
09185,417.10512027480473,39.96029541523365
09373,492.5659476464622,46.757862685348606
09575,356.62304613380593,44.30047674715925
09374,503.9590928874415,44.43939678155042
09780,1055.734690551973,68.45998515551287
09777,835.4141822343771,65.23525441944845
09262,363.6130284975105,48.02399575340404
09275,435.73710746558675,49.48208999723644
09186,438.441564024743,40.93424648046478
09276,716.938717136517,62.20319508493199
09362,355.141558372034,42.101245988024424
09375,420.27434483931995,42.50684605147087
09673,399.6528141776127,52.04001503592565
09163,455.05357059370226,49.969160605396105
09187,599.2995466982916,58.031210271343525
09576,416.86625602967763,43.01612137881482
09277,439.094696242417,47.97796350824268
09565,350.49920383899985,41.9972137879654
09376,461.98805049618255,42.27726433186082
09662,233.32830653213657,48.12218106808889
09678,289.2862406787357,46.60291763957963
09188,618.5665525460363,49.43889384272391
09278,427.03746298908675,45.09221306462092
09263,324.8394394499651,41.88505812017794
09377,575.9681900590947,46.965035042145146
09189,654.800368527561,64.98731880649869
09778,624.1009252467836,50.00758765796971
09663,247.11683186362754,51.19841651358956
09679,295.3339376478746,49.79183859996042
09577,490.3084003469995,45.34564951930825
09363,444.31767881946814,41.48562218539696
09190,706.5411062967258,57.574356292841415
09479,603.307208984492,50.73771627121413
11000,44.69561034531856,38.92253999455853
12060,63.35055747409037,35.44211634260521
12051,34.37921789770615,40.07030646849144
12052,69.89974243237877,34.29915519201906
12061,60.63559138144998,33.04023030665039
12062,102.26153647522071,36.17198747447048
12053,72.3014930710354,35.830837993395626
12063,34.279723902925916,35.81629520224732
12064,47.27500580551489,36.64059745746665
12065,53.88068357127079,35.49024694487706
12066,100.572323890461,35.36291181778496
12067,61.99833665354638,33.272002250357275
12068,56.8181698249282,35.8795768976114
12069,70.97111090237965,39.062390266218515
12054,39.09608589925953,38.48189624897841
12070,52.93772890964092,36.17088665928267
12071,90.32668774040548,34.46796217083527
12072,73.20021452604618,35.49446138394157
12073,54.7569700705869,35.820799452742165
04011,5.144077407539261,65.27691119220597
04012,1.8336140618913828,67.98166886584191
02000,15.836805239161954,57.32456973351159
06431,228.5186488360849,52.46739927321287
06432,189.48108460144593,51.889601794889174
06411,152.21192626506163,52.05813671082484
06412,118.71371349661501,50.013130717857806
06631,422.0685416538117,56.59590741324135
06531,240.53761859489617,50.478376292243084
06433,92.41252937833461,43.40426238206409
06632,333.78251212304207,51.39171739102932
06434,376.41009902321633,58.18841328380765
06611,244.886657078461,58.2127097113695
06633,283.1839426580986,55.48021563816635
06532,342.3268028297898,57.55155502071494
06533,252.76395665193334,51.00573453208417
06435,286.82231562732915,55.338006038509
06436,200.47118291396538,52.18293238173818
06534,305.21117841635197,53.051336482909875
06437,352.25027475501656,58.89205211650138
06413,119.44401294409472,47.0242375509929
06438,138.18557178761787,48.50243271549146
06439,355.48616701882975,53.29883018057158
06634,302.2606762770996,50.86215178289449
06535,381.61814459518007,56.02250347734993
06635,381.6702932418669,60.819534064819514
06636,329.5856077347513,57.24082814403981
06440,218.25923939842474,50.50510330848203
06414,209.4923269980455,52.72598136375322
13076,44.7086480808374,41.34521384306508
13071,62.05753027410464,38.64812536384011
13074,41.47393948165326,43.10618084867727
13003,11.023359864104327,45.24495563399487
13072,36.069490168281156,38.63362555388887
13004,49.48171006101654,44.04332677429424
13075,17.711266955122902,41.0799393666064
13073,14.737300532102989,43.14493181361785
03451,7.572987071858092,61.220685596563065
03452,1.3751852773133102,62.776180690327465
03101,79.36886014887196,46.774093627551125
03351,63.23971096729696,45.982047716891806
03453,23.371550966828174,53.732832910953526
03352,4.580134577540752,69.19059351406871
03401,7.263473934305714,60.324728747357234
03251,37.82531227909938,50.47574318137497
03402,-0.7406451670922521,66.12351844524473
03454,21.883429345484306,56.02737782782792
03455,2.1138714023825966,65.95184119332266
03152,256.0761595841896,52.5802528261024
03151,73.6892495743334,42.563852771214265
03153,387.65537837220995,68.64159594833163
03456,26.391213913781556,56.23221386974108
03252,168.64624754132518,59.42615305944366
03353,47.83834153611925,52.692365997490334
03358,64.32476132692005,47.13149378999935
03154,120.71246267567483,47.3940791687049
03254,145.42201172754338,54.37337369926457
03255,244.77205326208193,66.78746385962387
03354,39.92315427805637,43.17562863257
03355,38.40780862308837,48.089519521973926
03457,1.1745174273697248,66.7988873785043
03256,36.69954350209412,45.6912156632667
03155,231.46852329567452,58.199835478210865
03403,5.9297072730492175,62.94520773629449
03458,25.656009353627326,55.306329993290845
03404,82.9330366795336,54.52852037911407
03459,74.81949659993606,51.725908423046015
03356,13.066268613165434,65.84684494632859
03156,363.4832096905363,65.49616015927505
03157,73.38944065927016,45.43448187787549
03241,65.35178068571408,44.86763110898455
03357,27.1948989674917,53.57489479719908
03102,117.49347375132659,52.202526218022896
03257,110.06650836686582,54.52129291862677
03359,12.13256251059729,61.57862618853422
03360,71.241791440513,46.17268689394237
03460,43.655086862573036,50.186611049890075
03361,20.634482190791463,51.58528505388986
03461,-1.2941463345754445,76.75880164297756
03405,0.15573561963268967,67.57856147064457
03462,2.0028753843588403,62.020668095786995
03158,130.02412529590924,49.33051719467714
03103,82.63539670359086,43.886458222687274
05711,131.39287572181576,60.15696629365589
05911,106.75701412601357,65.3797342981093
05314,110.22298582504826,54.81472958953988
05554,52.380458202545015,41.98573116093186
05512,55.519506665564585,48.60656724674964
05558,78.65908101560234,44.84964764980907
05358,172.0221120671608,51.23521929115644
05111,49.2453277694115,51.71185721898933
05913,103.39281419845467,58.59583274542164
05112,30.73405000641996,49.62901067585766
05954,223.74786727357096,72.46822097000445
05113,88.4600768063254,68.05257993831184
05366,400.8587965279651,62.31806896521423
05754,91.19454333545589,48.81886725992208
05513,53.964220857940845,54.38510105184849
05762,230.2836498008996,61.2674786619333
05914,211.23650339977692,73.71671007314643
05915,71.0569164541415,53.60155906672008
05370,72.57404322677954,43.13673419738953
05758,108.55503905963828,55.57771491542452
05916,61.283810396448025,59.497273247849066
05958,454.40438630423984,77.08053516302904
05315,53.16270996126474,47.118091489274754
05154,25.55769146043866,43.19994338091747
05114,36.23895025202297,41.39300188615856
05316,73.05257204365415,58.00587528100501
05766,195.0615252904903,67.58305823046362
05962,351.5929048164032,75.76378415447536
05116,67.46764971525674,41.93910841738373
05117,70.71970987239995,55.06516754743971
05515,60.76130917408455,43.77141509965189
05158,122.92986651013305,63.05020750921504
05770,63.55877431019626,51.01051030958186
05374,304.45883212656963,71.65436488492263
05119,46.00232170290152,49.32237312985359
05966,428.2743113921983,74.20634241322152
05774,229.62808598551666,66.12083106010111
05562,63.7863936489753,49.47806873019625
05120,285.87759449184773,74.68475596174541
05362,87.39634517987913,46.73351601428842
05162,52.37456553622641,42.423848760014735
05382,171.6456726666031,57.84951835677244
05378,186.06712086021398,69.64098540337925
05970,469.3284625602734,69.91379258858827
05974,184.84553569694518,63.280521381380524
05122,171.2162120312152,71.84925100568823
05334,307.8268428732844,66.01130205590341
05566,60.48607477092469,47.079226518995284
05978,98.65422229152693,54.214903738552835
05166,48.98895390569765,41.116174446336814
05570,75.57914588818122,47.5917227851192
05170,31.455906099143768,42.85644848180261
05124,241.47622899001195,75.75104267644245
07131,347.57489971801135,61.81875079042029
07132,310.9663154493862,64.84360318462323
07331,184.74102991462405,48.122795451845974
07332,265.18497040983937,54.88075242723909
07133,296.724437063036,51.07921936344532
07231,355.3756575149759,57.613005093755454
07134,458.487790345392,57.386752243426294
07135,342.1637422063681,57.49479095297428
07333,306.88693803773396,50.4921750699735
07232,423.2594920836417,58.71395684411557
07311,93.29146443551785,38.251034718809755
07334,120.12467382252187,47.66931692198731
07312,307.0999278985616,56.437655957272895
07335,327.02563626045617,55.043391058621744
07111,173.59164720950358,52.467054766996846
07336,323.96656978041557,53.26849725540477
07313,257.0028958381994,55.792767426251636
07314,94.37114149514181,40.49808298618873
07339,190.07160074730552,48.845446844177324
07315,148.2445709198635,50.46420046860457
07137,275.56174301379946,52.56413776581187
07316,226.34650344216297,54.46058919009492
07138,249.40598716856363,61.65523620154892
07317,368.5906357568525,59.682086722162495
07140,402.08769262306606,50.034844385134825
07141,287.97564489474087,52.839688316620986
07338,100.9821622520557,41.94914260173256
07337,251.85473949706744,56.42069397953205
07340,341.36978605764324,62.23670456930897
07318,101.05949628245553,40.71062478527164
07235,364.0308839934739,56.982755800762035
07211,224.31277919240745,58.608891282291665
07233,491.18424474420334,62.168318451789794
07143,376.18141952814415,61.30780732366011
07319,110.25007935680422,45.20564246021882
07320,295.36507520049474,53.670836816825876
10042,320.8163625886625,56.247674767534434
10043,314.8636435988922,52.302018848031594
10041,273.13134959717854,58.31516571864655
10044,256.7336742030686,54.71412958035696
10045,291.40121944759454,54.20223334076433
10046,395.71982344224597,52.53130985099888
15081,54.594244413366845,42.174990313422974
15082,81.09998059478208,41.782683556499926
15083,96.70173749572442,49.62776047125312
15084,195.5577132908131,57.625015572046195
15001,71.07372756150643,41.98656922605787
15002,97.20921623980709,53.832800855466246
15085,283.1943469339319,58.9768212184164
15086,57.07503225675692,40.29411328092959
15003,57.110934902069246,54.210621069505954
15087,245.61759723344343,58.864698828747045
15088,136.769353440071,53.86927127553489
15089,87.64581510218584,54.72523792760443
15090,35.61396156430523,37.76264303725175
15091,94.13399078409,38.79986127633599
14625,198.79840653806713,42.9309437004101
14511,364.3947286795473,53.220051536239346
14612,194.1835175038523,45.97853381067089
14521,607.0818577775426,55.46972012595823
14626,223.22497712528934,43.94385284188461
14713,123.59486696935014,47.75030443533704
14729,157.08459540406392,50.09724502977371
14627,155.04697258591955,41.11461039028564
14522,354.76248611154307,54.89524089500766
14730,117.79437001546253,42.88446493582184
14628,384.98984559106736,48.99689899412168
14523,525.240298483229,50.579235561259196
14524,343.0609384070534,52.00876295096663
01051,4.312761096339693,60.66861105434826
01001,37.978017794942346,47.15841674963206
01053,40.00613405135157,48.825372888321105
01002,26.115496976517644,51.365242304913146
01003,11.915290580661367,50.81297147747615
01004,23.629286475696418,52.75598511037357
01054,3.878989444346276,57.131570505240724
01055,28.392093552669028,47.668846579652715
01056,10.018063281926649,56.5367534390414
01057,35.654068246973694,49.749897626765545
01058,18.6739993731766,53.524419287712355
01059,21.813499268367053,51.94983958903685
01060,34.30699266787498,50.82564035364499
01061,8.498057820216552,61.49693127291663
01062,38.927439267568936,47.974133356342335
16077,227.83220903103782,53.354499630238614
16061,346.8863602410155,56.91366926795253
16056,290.8758587047477,54.048062263164205
16051,247.10317176604275,58.24566985599352
16052,266.0037717300465,55.77280584513514
16067,385.15297235244526,59.659898918923155
16076,345.58282326892333,51.81728158176075
16069,457.2067678870284,55.396020260760494
16070,491.93560482323153,60.49259630510207
16053,274.1636945031705,57.12906926960489
16065,255.3944509348272,57.7760652335081
16062,287.5644480155212,55.89379781697348
16068,182.7582739898777,56.81968900391705
16074,293.8711554302379,56.34634215180621
16075,473.78533538472414,53.56651124174638
16073,454.5575443423289,58.79756159848033
16066,471.66110006503663,59.29756782040675
16072,584.2152325078351,64.18265553049567
16054,582.2504874911127,69.16672048974606
16064,288.48125861461494,57.97816110990006
16063,356.1552828377808,55.30591591571282
16071,298.83041021743145,56.61191675710935
16055,300.96656069160815,57.0281198743581
