Year,Crop,Land,Field_ha,Harvested_t,Yield_dt/ha
2017,Sugar beet,Baden-Württemberg,20600,1814000,879.7
2017,Sugar beet,Bayern,71100,6567700,923.7
2017,Sugar beet,Berlin,-,-,-
2017,Sugar beet,Brandenburg,6300,448700,711.6
2017,Sugar beet,Bremen,-,-,-
2017,Sugar beet,Hamburg,0,/,/
2017,Sugar beet,Hessen,17600,1556400,883.0
2017,Sugar beet,Mecklenburg-Vorpommern,22200,1656400,745.7
2017,Sugar beet,Niedersachsen,102600,8475800,826.2
2017,Sugar beet,Nordrhein-Westfalen,61000,5411500,886.8
2017,Sugar beet,Rheinland-Pfalz,19900,1594400,800.3
2017,Sugar beet,Saarland,.,.,/
2017,Sugar beet,Sachsen,15800,1278600,809.3
2017,Sugar beet,Sachsen-Anhalt,51000,3830800,751.8
2017,Sugar beet,Schleswig-Holstein,8100,616200,765.2
2017,Sugar beet,Thüringen,10400,808800,774.6
2018,Sugar beet,Baden-Württemberg,21400,1303500,608.9
2018,Sugar beet,Bayern,69000,5147400,746.1
2018,Sugar beet,Berlin,-,-,-
2018,Sugar beet,Brandenburg,7500,383500,510.9
2018,Sugar beet,Bremen,-,-,-
2018,Sugar beet,Hamburg,0,/,/
2018,Sugar beet,Hessen,17800,1122200,629.7
2018,Sugar beet,Mecklenburg-Vorpommern,24900,1517500,609.3
2018,Sugar beet,Niedersachsen,103400,7202700,696.3
2018,Sugar beet,Nordrhein-Westfalen,61700,3958100,641.7
2018,Sugar beet,Rheinland-Pfalz,19700,1278100,649.0
2018,Sugar beet,Saarland,.,.,/
2018,Sugar beet,Sachsen,16100,858500,534.5
2018,Sugar beet,Sachsen-Anhalt,51900,2175500,419.0
2018,Sugar beet,Schleswig-Holstein,9400,640500,683.6
2018,Sugar beet,Thüringen,11100,603300,543.2
2019,Sugar beet,Baden-Württemberg,19700,1592700,807.0
2019,Sugar beet,Bayern,67600,5589600,826.4
2019,Sugar beet,Berlin,-,-,-
2019,Sugar beet,Brandenburg,7500,457000,611.5
2019,Sugar beet,Bremen,-,-,-
2019,Sugar beet,Hamburg,0,/,/
2019,Sugar beet,Hessen,17800,1434500,804.2
2019,Sugar beet,Mecklenburg-Vorpommern,27500,2020800,735.8
2019,Sugar beet,Niedersachsen,103400,7668800,741.7
2019,Sugar beet,Nordrhein-Westfalen,59300,4453200,751.3
2019,Sugar beet,Rheinland-Pfalz,17600,1380600,785.8
2019,Sugar beet,Saarland,-,-,-
2019,Sugar beet,Sachsen,16200,1059900,655.3
2019,Sugar beet,Sachsen-Anhalt,51400,2548500,495.8
2019,Sugar beet,Schleswig-Holstein,9700,842800,870.7
2019,Sugar beet,Thüringen,11000,679100,615.0
2020,Sugar beet,Baden-Württemberg,18700,1294500,691.9
2020,Sugar beet,Bayern,63500,5308100,835.7
2020,Sugar beet,Berlin,-,-,-
2020,Sugar beet,Brandenburg,6700,425700,635.7
2020,Sugar beet,Bremen,-,-,-
2020,Sugar beet,Hamburg,0,/,/
2020,Sugar beet,Hessen,16500,1233600,747.4
2020,Sugar beet,Mecklenburg-Vorpommern,30200,2300900,762.7
2020,Sugar beet,Niedersachsen,99300,7861900,791.6
2020,Sugar beet,Nordrhein-Westfalen,50700,4031400,795.5
2020,Sugar beet,Rheinland-Pfalz,16500,970600,589.1
2020,Sugar beet,Saarland,-,-,-
2020,Sugar beet,Sachsen,14200,913700,641.6
2020,Sugar beet,Sachsen-Anhalt,48600,2756800,566.8
2020,Sugar beet,Schleswig-Holstein,9900,802800,809.6
2020,Sugar beet,Thüringen,11100,717800,646.7
2021,Sugar beet,Baden-Württemberg,19500,1641600,840.5
2021,Sugar beet,Bayern,62900,5646400,897.1
2021,Sugar beet,Berlin,-,-,-
2021,Sugar beet,Brandenburg,6800,464300,686.0
2021,Sugar beet,Bremen,-,-,-
2021,Sugar beet,Hamburg,0,/,/
2021,Sugar beet,Hessen,16600,1407200,847.3
2021,Sugar beet,Mecklenburg-Vorpommern,31700,2318900,730.9
2021,Sugar beet,Niedersachsen,97600,7966100,816.2
2021,Sugar beet,Nordrhein-Westfalen,54300,4656100,857.1
2021,Sugar beet,Rheinland-Pfalz,16100,1359100,841.6
2021,Sugar beet,Saarland,-,-,-
2021,Sugar beet,Sachsen,15400,1266500,823.7
2021,Sugar beet,Sachsen-Anhalt,48600,3514600,722.7
2021,Sugar beet,Schleswig-Holstein,9200,783300,846.9
2021,Sugar beet,Thüringen,11800,921000,781.1
2022,Sugar beet,Baden-Württemberg,19000,1315700,692.6
2022,Sugar beet,Bayern,62900,4820600,766.3
2022,Sugar beet,Berlin,-,-,-
2022,Sugar beet,Brandenburg,6200,353200,573.4
2022,Sugar beet,Bremen,-,-,-
2022,Sugar beet,Hamburg,0,/,/
2022,Sugar beet,Hessen,17400,1260600,723.6
2022,Sugar beet,Mecklenburg-Vorpommern,33100,2467800,746.3
2022,Sugar beet,Niedersachsen,99100,7390800,745.5
2022,Sugar beet,Nordrhein-Westfalen,54200,4329900,799.1
2022,Sugar beet,Rheinland-Pfalz,16600,1058500,638.0
2022,Sugar beet,Saarland,-,-,-
2022,Sugar beet,Sachsen,15500,1076400,693.8
2022,Sugar beet,Sachsen-Anhalt,49400,2522800,510.9
2022,Sugar beet,Schleswig-Holstein,10400,814200,783.9
2022,Sugar beet,Thüringen,12500,790700,631.8
2023,Sugar beet,Baden-Württemberg,18400,1210700,656.5
2023,Sugar beet,Bayern,62100,4987600,803.4
2023,Sugar beet,Berlin,-,-,-
2023,Sugar beet,Brandenburg,6500,435800,669.0
2023,Sugar beet,Bremen,-,-,-
2023,Sugar beet,Hamburg,0,/,/
2023,Sugar beet,Hessen,16900,1421000,839.0
2023,Sugar beet,Mecklenburg-Vorpommern,33100,2237800,677.1
2023,Sugar beet,Niedersachsen,101500,8813200,868.4
2023,Sugar beet,Nordrhein-Westfalen,53600,4727300,882.6
2023,Sugar beet,Rheinland-Pfalz,16600,1266200,764.8
2023,Sugar beet,Saarland,-,-,-
2023,Sugar beet,Sachsen,16400,1264100,773.1
2023,Sugar beet,Sachsen-Anhalt,47400,3387300,714.6
2023,Sugar beet,Schleswig-Holstein,10200,847800,835.0
2023,Sugar beet,Thüringen,13300,959300,722.7
2024,Sugar beet,Baden-Württemberg,18900,1308400,692.7
2024,Sugar beet,Bayern,68000,5998500,882.7
2024,Sugar beet,Berlin,-,-,-
2024,Sugar beet,Brandenburg,6100,458300,755.8
2024,Sugar beet,Bremen,-,-,-
2024,Sugar beet,Hamburg,0,/,/
2024,Sugar beet,Hessen,18000,1552700,862.3
2024,Sugar beet,Mecklenburg-Vorpommern,33600,2727900,812.2
2024,Sugar beet,Niedersachsen,118500,10599900,894.3
2024,Sugar beet,Nordrhein-Westfalen,61100,5146800,842.8
2024,Sugar beet,Rheinland-Pfalz,17800,1432500,805.6
2024,Sugar beet,Saarland,0,/,/
2024,Sugar beet,Sachsen,16900,1403600,830.6
2024,Sugar beet,Sachsen-Anhalt,54500,4116300,754.8
2024,Sugar beet,Schleswig-Holstein,9900,774100,779.9
2024,Sugar beet,Thüringen,14000,1163000,830.3

