ID,Description,01/2015,04/2015,07/2015,10/2015,01/2016,04/2016,07/2016,10/2016,01/2017,04/2017,07/2017,10/2017,01/2018,04/2018,07/2018,10/2018,01/2019,04/2019,07/2019,10/2019,01/2020,04/2020,07/2020,10/2020,01/2021,04/2021,07/2021,10/2021,01/2022,04/2022,07/2022,10/2022,01/2023,04/2023,07/2023,10/2023,01/2024,04/2024,07/2024,10/2024,01/2025,04/2025,07/2025
LWBM,Landwirtschaftliche Betriebsmittel,94.2,95.3,95.5,94.6,93.3,93.3,93.5,93.2,94.3,95.4,94.6,95.3,96.6,98.0,98.6,100.9,100.3,100.5,100.1,99.8,100.5,99.9,99.5,100.1,103.9,106.7,110.0,114.8,121.9,141.7,140.2,145.2,142.5,136.8,132.0,131.8,131.5,131.5,130.7,130.5,132.7,132.8,131.4
LWBM-1,Waren und Dienstleist. des lfd. landw. Verbrauchs,96.4,97.7,98.0,96.3,94.5,94.3,94.5,93.9,95.3,96.3,95.3,95.9,97.5,99.0,99.7,102.6,101.5,101.5,100.7,100.0,100.9,99.9,99.3,99.9,104.8,108.2,111.9,117.1,125.4,150.7,147.0,152.4,147.9,139.3,132.8,132.5,131.9,131.9,130.7,130.4,133.2,133.2,131.2
LWBM-11,Saat- und Pflanzgut,99.7,98.8,98.6,95.7,95.4,96.8,95.3,94.7,96.6,96.5,95.9,96.7,96.5,97.8,98.9,98.9,100.1,102.5,99.7,99.7,99.3,99.7,100.5,100.6,100.5,102.1,102.6,110.7,114.4,123.6,120.8,130.5,129.3,128.2,122.2,119.3,123.8,126.7,127.4,127.5,116.2,116.6,115.6
LWBM-12,Energie und Schmierstoffe,99.6,106.1,103.8,99.4,90.5,94.2,96.2,100.4,102.9,102.7,98.7,102.5,105.5,106.1,108.8,116.1,108.9,111.8,110.5,111.0,113.2,94.1,97.6,95.1,107.8,113.2,119.2,133.1,141.4,176.7,174.2,196.6,173.9,158.6,154.8,170.8,157.6,168.1,161.4,154.4,171.0,159.5,163.6
LWBM-121,Heizstoffe,90.4,96.2,94.3,90.7,79.4,81.8,84.9,88.2,90.6,89.9,85.2,88.9,92.4,92.8,95.4,104.8,99.8,101.7,100.9,102.2,100.6,100.5,99.4,99.4,102.0,102.3,102.7,105.4,120.6,138.0,158.8,188.3,186.8,195.2,196.6,194.6,192.4,192.4,188.9,186.5,185.6,185.9,185.2
LWBM-122,Treibstoffe,103.9,115.4,111.5,103.9,90.0,96.3,99.3,106.6,110.0,109.6,103.1,109.4,113.6,114.6,118.8,129.9,115.9,120.4,117.8,117.9,122.0,89.5,96.3,92.2,112.1,121.1,131.0,153.1,160.3,211.8,206.2,232.6,189.9,163.0,157.8,185.6,166.0,184.2,173.9,163.0,191.5,172.5,179.4
LWBM-123,Elektrischer Strom,91.3,91.0,90.7,90.6,91.0,91.6,91.3,91.4,92.3,92.6,93.2,93.2,93.8,94.2,94.2,94.2,96.1,97.0,97.5,97.7,99.8,101.3,99.5,99.5,101.0,101.0,101.1,102.1,110.7,120.2,115.5,128.1,139.2,138.8,135.9,134.2,129.7,128.0,127.5,126.8,125.1,124.8,124.9
LWBM-124,Schmierstoffe,97.8,94.3,94.6,95.3,95.7,96.3,96.7,96.5,96.7,96.6,96.7,97.1,97.8,98.0,98.8,98.4,100.6,101.6,101.7,101.3,101.8,97.5,100.6,100.2,101.1,102.6,103.2,106.0,107.3,109.2,111.6,116.7,118.3,120.1,120.8,120.1,122.5,123.8,121.2,120.9,122.8,122.9,122.7
LWBM-13,Düngemittel,102.1,103.9,102.3,102.5,100.5,98.5,92.2,92.0,93.4,96.4,93.4,93.6,96.0,96.8,95.7,99.2,100.9,102.6,103.2,103.9,103.7,101.1,95.4,99.8,97.7,107.4,120.0,131.9,152.2,253.2,252.7,276.1,239.3,193.7,150.8,150.7,154.7,155.2,141.9,147.8,152.4,166.7,155.3
LWBM-14,Pflanzenschutzmittel,95.8,95.9,97.2,97.1,97.0,97.0,97.0,97.9,98.8,99.5,99.5,99.4,100.0,99.6,98.6,98.3,98.7,98.9,99.2,99.6,99.6,99.9,99.8,100.8,101.1,101.4,101.2,103.0,104.9,107.3,109.0,114.0,118.6,121.6,122.1,122.2,122.1,122.4,122.1,122.1,121.3,120.2,120.4
LWBM-141,Fungizide,98.1,98.1,97.6,97.5,97.2,97.2,97.2,98.5,98.5,98.5,98.5,98.5,98.7,97.6,97.6,97.6,97.8,97.6,97.9,98.3,99.8,99.9,99.9,100.5,101.2,101.5,101.8,100.5,102.2,108.5,107.8,109.8,115.1,122.4,122.1,122.6,122.1,122.5,122.2,122.2,121.8,118.4,119.1
LWBM-142,Insektizide,99.6,99.6,99.6,99.6,100.4,100.4,100.4,96.7,96.7,96.7,96.7,94.8,94.8,98.0,98.0,98.2,97.7,98.9,98.6,99.5,99.9,100.2,100.0,100.0,101.0,101.2,101.2,103.1,106.1,107.8,108.3,110.8,119.2,123.0,122.2,123.4,125.5,127.4,127.4,127.8,125.7,126.8,126.8
LWBM-143,Herbizide,94.1,94.2,96.7,96.7,96.7,96.7,96.7,97.5,99.1,100.4,100.4,100.4,101.2,101.2,99.4,98.8,99.4,99.9,100.2,100.5,99.5,99.8,99.7,101.0,101.0,101.4,100.8,104.6,106.5,106.5,109.9,117.0,120.9,120.9,122.1,121.9,121.9,122.0,121.7,121.7,120.6,120.8,120.8
LWBM-17,Instandhaltung von Maschinen und Material,85.5,86.5,87.8,87.8,88.2,88.9,89.1,89.2,89.9,91.5,91.4,91.3,95.3,95.6,95.7,95.7,97.1,97.8,97.7,98.0,98.1,100.4,100.5,101.1,101.3,104.2,104.4,104.7,106.5,112.5,117.5,118.9,120.0,124.1,124.1,125.7,126.2,127.7,128.0,128.1,129.6,130.3,130.5
LWBM-18,Instandhaltung von Bauten,83.6,84.5,84.9,85.2,85.6,86.4,86.9,87.2,87.7,88.9,89.6,90.3,90.9,92.4,93.1,94.0,94.6,96.2,97.0,97.8,98.4,100.1,100.6,101.0,101.5,103.2,106.7,110.2,113.0,118.1,123.8,128.0,131.9,136.1,138.3,139.6,140.7,142.9,144.0,145.1,145.9,148.2,149.5
LWBM-19,Sonstige Waren und Dienstleistungen,97.5,97.4,98.0,98.1,98.4,98.3,98.7,98.8,99.1,99.2,99.4,99.5,100.0,100.3,101.0,101.2,99.0,99.1,99.6,99.5,99.7,100.3,99.9,100.1,102.2,103.2,105.0,106.4,107.8,109.3,111.5,111.9,112.4,113.1,114.5,115.1,115.9,116.1,116.1,116.2,117.1,117.3,118.5
LWBM-2,Waren und Dienstleist. landwirt. Investitionen,88.4,88.8,88.9,89.8,90.0,90.3,90.4,91.1,91.8,92.4,92.7,93.5,94.2,95.2,95.5,96.2,97.0,97.9,98.2,99.0,99.3,99.8,100.2,100.7,101.2,102.0,103.9,107.7,110.7,113.6,118.9,122.9,125.6,128.8,129.4,129.5,130.0,130.1,130.4,130.9,131.2,131.6,132.3
LWBM-21,Maschinen und Geräte,90.0,90.3,90.3,91.3,91.6,91.7,91.7,92.5,93.3,93.7,93.9,94.7,95.5,96.3,96.3,96.9,97.6,98.2,98.4,99.3,99.5,99.8,100.1,100.7,101.2,101.5,102.7,106.4,109.4,111.5,115.5,119.7,122.3,125.6,126.0,126.1,126.6,126.0,126.1,126.4,126.6,126.4,126.9
LWBM-211,Maschinen und sonstige Ausrüstungsgüter,89.6,89.9,89.9,91.1,91.5,91.6,91.6,92.4,93.1,93.4,93.6,94.6,95.2,96.2,96.2,96.8,97.5,98.1,98.3,99.2,99.5,99.7,100.1,100.7,101.2,101.4,102.6,106.5,109.5,111.3,115.5,119.8,122.5,126.0,126.3,126.3,126.6,125.8,125.8,126.0,126.3,126.2,126.4
LWBM-2111,Maschinen und Geräte für Kulturen,89.5,90.1,90.1,90.1,90.9,91.2,91.2,91.2,92.7,93.1,93.6,93.6,94.9,95.8,95.8,96.0,97.9,98.5,98.8,99.6,99.8,99.9,99.9,100.5,100.9,101.0,101.3,105.9,109.2,111.7,115.6,122.9,127.8,129.5,129.6,129.9,129.1,129.3,129.3,129.6,130.8,131.0,131.4
LWBM-2112,Maschinen und Geräte für die Erntebergung,89.6,89.8,89.8,91.8,91.8,91.9,91.9,93.2,93.3,93.5,93.6,95.3,95.4,96.5,96.5,97.4,97.2,97.9,97.9,99.0,99.3,99.6,100.2,100.9,101.1,101.5,102.9,105.2,107.1,108.0,111.8,114.7,116.7,122.2,123.2,123.0,124.3,123.1,123.3,123.5,123.2,123.2,123.3
LWBM-212,Fahrzeuge,92.4,92.4,92.4,92.3,92.9,92.8,92.8,93.6,95.0,95.4,95.5,95.6,97.1,97.1,97.4,97.1,98.2,98.4,99.3,99.6,99.7,100.1,100.1,100.0,101.6,102.5,104.0,105.2,108.5,113.3,115.6,118.8,120.8,121.8,123.1,124.4,126.5,128.3,129.4,129.9,129.7,128.1,131.0
LWBM-2121,Zugmaschinen,92.7,92.5,92.5,92.3,92.9,92.8,92.8,93.7,95.1,95.4,95.7,95.6,97.4,97.4,97.6,97.2,98.3,98.5,99.4,99.6,99.7,100.1,100.1,100.0,101.6,102.5,103.6,104.5,107.8,113.0,115.2,118.2,120.2,120.8,122.4,123.8,126.9,129.0,130.4,130.9,130.6,128.3,131.6
LWBM-2122,Sonstige Fahrzeuge,91.0,92.0,92.1,92.6,92.6,92.8,93.0,93.4,94.2,94.5,94.6,95.4,95.2,95.5,96.3,96.8,97.8,98.0,98.7,99.4,99.6,99.9,100.2,100.3,101.9,102.6,106.1,109.0,112.2,114.8,117.6,121.8,124.1,126.9,127.1,127.8,124.5,124.5,124.1,124.8,125.1,126.9,127.5
LWBM-22,Bauten,84.0,84.6,84.9,85.3,85.4,86.1,86.6,87.0,87.3,88.9,89.3,89.9,90.7,92.1,92.9,94.3,95.1,96.8,97.4,98.2,98.7,100.0,100.4,100.8,101.1,103.2,107.1,111.3,113.9,118.9,127.8,131.0,134.0,137.3,138.0,138.4,138.9,140.6,141.5,142.5,143.1,145.1,146.3