district_no,r2,mae,name,data_point_count,is_low_data
01003,0.42549107799892416,45.99706780850885,Lübeck,16,False
01051,0.5512144863992527,49.85372220646255,Dithmarschen,22,False
01053,0.7135082977299609,39.53360670956696,Herzogtum Lauenburg,22,False
01054,0.6182833812338855,63.733774846077,Nordfriesland,20,False
01055,0.3178870172373989,45.44712432041763,Ostholstein,16,False
01056,0.23371777870813848,31.09506063461305,Pinneberg,8,True
01057,0.5246460581198351,39.145779159963126,Plön,16,False
01058,0.7152201026232754,39.226189749457625,Rendsburg-Eckernförde,22,False
01059,0.5594889320098964,52.75959546435965,Schleswig-Flensburg,22,False
01060,0.589757954040004,53.03353817094456,Segeberg,22,False
01061,0.7487860345499832,42.060652935721635,Steinburg,22,False
01062,0.5226826295562961,45.59510749071836,Stormarn,16,False
03102,0.5311936758819824,59.016835635792155,Salzgitter,22,False
03103,0.22404529683634522,65.32490714263918,Wolfsburg,20,False
03151,0.5752505583513117,47.88041275891388,Gifhorn,22,False
03153,0.45068798074822336,61.441721501783874,Goslar,22,False
03155,0.7371914762779991,42.76746926654467,Northeim,22,False
03157,0.5233682577228838,48.948285109780066,Peine,22,False
03158,0.5225352655397053,54.6817007741061,Wolfenbüttel,22,False
03241,0.661538925809309,41.3527722976207,Region Hannover,22,False
03251,0.28939208381350623,57.33475292856044,Diepholz,22,False
03252,0.6835781891426171,43.26111791090533,Hameln-Pyrmont,22,False
03254,0.6433104772684902,45.44955493146723,Hildesheim,22,False
03255,0.5554077542060489,48.0858379533074,Holzminden,22,False
03256,0.6440781047052684,49.321898959333254,Nienburg (Weser),22,False
03257,0.593107325105948,42.09603105978532,Schaumburg,22,False
03351,0.425389161051713,54.03120577205312,Celle,22,False
03352,0.08425453959252327,96.36873502689325,Cuxhaven,8,True
03353,0.5089227288725316,54.121749809438555,Harburg,22,False
03354,0.6011510976188736,49.10131053751167,Lüchow-Dannenberg,22,False
03355,0.5992606141835437,47.664946673133166,Lüneburg,22,False
03356,-6.27643097387394,128.6845990604361,Osterholz,5,True
03357,0.33628520367196646,74.99921319094571,Rotenburg (Wümme),22,False
03358,0.5826604242565226,52.841158622394936,Heidekreis,22,False
03359,0.45239954189525766,59.73839980080014,Stade,21,False
03360,0.3178333448029932,48.84776444868609,Uelzen,22,False
03361,0.42399938490784606,63.18422576254067,Verden,22,False
03402,-99.0,15.857278442382835,Emden,1,True
03451,-12.03270052356721,124.30332411515303,Ammerland,3,True
03452,-10.516410234459768,122.93835070822755,Aurich,4,True
03453,0.7282295180830194,42.43256769021352,Cloppenburg,12,False
03454,0.3359968058436552,76.97309691956168,Emsland,19,False
03456,-0.043816564298578164,99.99590909231613,Grafschaft Bentheim,7,True
03457,0.5071409181254996,52.327298137029025,Leer,15,False
03458,0.6135651058192437,51.19805881977079,Oldenburg,16,False
03459,0.7919641062993914,34.72552532196044,Osnabrück,21,False
03460,0.5701202732426458,51.366240075429296,Vechta,12,False
03461,-99.0,122.36120910644536,Wesermarsch,1,True
05116,0.1435410968457581,88.62630694298518,Mönchengladbach,21,False
05124,-2.5612364829017094,51.96049636416965,Wuppertal,6,True
05154,0.47550063721582114,56.27618554093622,Kleve,22,False
05158,0.3980510367457596,56.3194597119093,Mettmann,16,False
05162,0.578052226144392,54.13210580002178,Rhein-Kreis Neuss,22,False
05166,0.5776571618092203,61.7785243806385,Viersen,21,False
05170,0.06599360730949877,84.96895419502262,Wesel,20,False
05315,0.22954965993312626,45.60863619983194,Köln,12,False
05316,0.12261805875854337,42.647658532485366,Leverkusen,16,False
05334,0.593554828619629,55.20637835960485,Städteregion Aachen,22,False
05358,0.2858425472563627,59.807463654929954,Düren,22,False
05362,0.6326158971198068,47.309224798706424,Rhein-Erft-Kreis,22,False
05366,0.034771579821088916,77.21185070406308,Euskirchen,22,False
05370,0.6615091862445672,48.65307076605882,Heinsberg,22,False
05378,-99.0,5.4078216552734375,Rheinisch-Bergischer Kreis,1,True
05382,-0.02008674537127919,82.93729686737062,Rhein-Sieg-Kreis,22,False
05515,0.2346707139619072,68.19606768006628,Münster,11,False
05554,0.14077388052896977,74.79153032909741,Borken,22,False
05558,0.4882599035516356,94.60836961104322,Coesfeld,13,False
05562,-0.4678000521046073,73.64019498825071,Recklinghausen,8,True
05566,-1.6306394668395794,54.52995322879992,Steinfurt,19,False
05570,-0.5753963408229732,67.12660231709482,Warendorf,16,False
05754,0.008237209426896541,80.24867559834532,Gütersloh,19,False
05758,0.5332725992301944,69.74117728097096,Herford,21,False
05762,0.5481514701038286,67.26298715558919,Höxter,22,False
05766,0.33981110563996253,62.03061972271311,Lippe,22,False
05770,0.6003389123984746,32.83103210091591,Minden-Lübbecke,16,False
05774,0.18643250380478005,71.3819821563363,Paderborn,16,False
05958,-10.610155378216373,252.21635383605957,Hochsauerlandkreis,2,True
05962,0.10908911609392469,47.23582626342775,Märkischer Kreis,6,True
05974,0.6901926475800257,43.44990670930255,Soest,22,False
05978,0.3267800551154596,61.85915964656405,Unna,18,False
06411,0.3772913795020296,45.66061199188232,Darmstadt,16,False
06414,0.41345390385294334,62.783144222708295,Wiesbaden,17,False
06431,0.3788336120963415,70.80298656800215,Bergstraße,17,False
06432,0.27114137997705456,63.8882529763742,Darmstadt-Dieburg,22,False
06433,0.47169890434120565,66.8614849118753,Groß-Gerau,22,False
06434,0.131199508048651,63.368347296033576,Hochtaunuskreis,21,False
06435,0.18757382875692363,59.693847908020004,Main-Kinzig-Kreis,20,False
06436,0.1607671083340485,71.45509174942968,Main-Taunus-Kreis,16,False
06437,0.3115887893726822,54.026971660554395,Odenwaldkreis,16,False
06438,0.2793404498569926,50.07038012647628,Offenbach,15,False
06439,-0.47524509286424554,65.32119094789032,Rheingau-Taunus-Kreis,16,False
06440,0.4464647790043774,65.03874018669129,Wetteraukreis,22,False
06531,0.28851372312477785,67.80063054073425,Gießen,21,False
06532,0.29194572631371485,55.68586372137068,Lahn-Dill-Kreis,16,False
06533,0.11464558604142572,71.69719179218633,Limburg-Weilburg,16,False
06534,0.11554220069759213,66.80325633049011,Marburg-Biedenkopf,16,False
06535,0.42911074949487604,70.56459661102295,Vogelsbergkreis,20,False
06631,-0.4469410742788136,107.56129330028192,Fulda,11,False
06632,0.24646524757472943,74.36598436832426,Hersfeld-Rotenburg,16,False
06633,0.6208482205143164,53.66130957169968,Kassel,22,False
06634,0.49129368951990626,53.069027318087485,Schwalm-Eder-Kreis,22,False
06635,0.3340395838504403,59.65547716856004,Waldeck-Frankenberg,16,False
06636,0.07801463173916767,66.66498934485698,Werra-Meißner-Kreis,22,False
07131,-0.15252462692887736,146.69956439971924,Ahrweiler,4,True
07133,0.4252440220740472,66.85542079778818,Bad Kreuznach,13,False
07135,-99.0,55.22497711181643,Cochem-Zell,1,True
07137,0.03447846319580472,77.71491497948058,Mayen-Koblenz,21,False
07138,-1.9291194945907124,51.00566538492834,Neuwied,3,True
07141,-150.50355554885155,67.87579700469966,Rhein-Lahn-Kreis,3,True
07231,-22.07455690341075,77.26128248850505,Bernkastel-Wittlich,3,True
07232,-99.0,4.591682434082031,Eifelkreis Bitburg-Prüm,1,True
07331,-0.023344265068582448,72.1902662557905,Alzey-Worms,22,False
07333,0.14633705279707476,89.95425878503106,Donnersbergkreis,22,False
07334,-0.2861782906019221,85.22498737855393,Germersheim,22,False
07335,-0.23379717063925853,120.29907031377157,Kaiserslautern,3,True
07336,-99.0,54.92331008911128,Kusel,1,True
07337,0.28251770797981146,59.85430041790009,Südliche Weinstraße,22,False
07338,-0.12673299073294264,82.98267412135476,Rhein-Pfalz-Kreis,19,False
07339,-0.04152687400011912,89.77345580859618,Mainz-Bingen,22,False
07340,-0.18592985946240903,183.55905046463013,Südwestpfalz,2,True
08111,0.2824456253534309,71.63780647913613,Stuttgart,12,False
08115,0.5463701098527194,57.53812528007907,Böblingen,19,False
08116,0.32436255764720745,30.701066382953083,Esslingen,7,True
08118,-0.06742403805930319,71.45676962137222,Ludwigsburg,22,False
08119,0.13159172641306927,59.46741562801249,Rems-Murr-Kreis,17,False
08125,0.09179524728052779,69.8391154709729,Heilbronn,22,False
08126,0.10767637623694815,77.8600462432341,Hohenlohekreis,22,False
08127,0.361896077287547,38.959626065865145,Schwäbisch Hall,12,False
08128,0.19451280732888432,72.66284520235928,Main-Tauber-Kreis,22,False
08135,-0.044450086513650344,42.5921689923604,Heidenheim,6,True
08136,-1.239915968251299,56.28403237915038,Ostalbkreis,5,True
08215,0.13174143251392378,70.3543192464655,Karlsruhe,22,False
08216,-99.0,31.116448974609284,Rastatt,1,True
08225,0.09525079291029104,72.04427691233784,Neckar-Odenwald-Kreis,19,False
08226,0.43833253972406216,62.712356660582785,Rhein-Neckar-Kreis,22,False
08236,-0.5275703880095939,29.143642998337768,Enzkreis,8,True
08315,-0.4365746082379385,46.28516529560093,Breisgau-Hochschwarzwald,8,True
08316,0.12006540338610894,49.38411151885989,Emmendingen,5,True
08317,-3.153921182074493,29.181744270324714,Ortenaukreis,2,True
08335,-2.7027162963600615,33.80551948547361,Konstanz,2,True
08337,-99.0,88.24712448120124,Waldshut,1,True
08416,-99.0,148.69519439697262,Tübingen,1,True
08425,0.31280537897029137,46.33043001333875,Alb-Donau-Kreis,18,False
08426,0.43630202947827557,23.836046355854386,Biberach,11,False
08435,-0.2555410253678272,28.63818819522858,Bodenseekreis,8,True
08436,0.24547413266324114,26.078498387654623,Ravensburg,5,True
09161,-0.9266931061470254,65.72446094625136,Ingolstadt,17,False
09162,-0.06394871455345386,64.82583662594065,München,17,False
09171,0.15743670520973152,54.78496567950531,Altötting,17,False
09173,-99.0,18.55561485290525,Bad Tölz-Wolfratshausen,1,True
09174,0.34871333872187726,63.10092354021575,Dachau,19,False
09175,-0.9173440517282407,63.88914547864132,Ebersberg,17,False
09176,-0.008650333042428793,62.78935250629081,Eichstätt,22,False
09177,0.5679379171537394,61.924058416266185,Erding,19,False
09178,0.08850617733487309,67.16914263619319,Freising,18,False
09179,-0.21064954841189087,74.0765155728658,Fürstenfeldbruck,18,False
09181,0.33170881473611913,71.15320028998636,Landsberg am Lech,22,False
09183,-0.3019462614700119,79.55667629466338,Mühldorf am Inn,17,False
09184,-1.073238521265481,52.143390318926656,München,17,False
09185,0.2635202287720664,55.92435362469067,Neuburg-Schrobenhausen,22,False
09186,-0.22658552743700988,70.74039807001748,Pfaffenhofen an der Ilm,21,False
09187,-0.3536369075990986,82.52244949420295,Rosenheim,6,True
09188,-0.5574920490944766,60.25316854364731,Starnberg,17,False
09189,-0.3537703643747454,73.84643133051256,Traunstein,17,False
09263,-0.038629123987178327,72.03325985291427,Straubing,17,False
09271,0.4462197398284108,54.99024140964855,Deggendorf,22,False
09273,0.5027047295830239,57.690603572672096,Kelheim,22,False
09274,0.6274430910441097,54.20158276557924,Landshut,22,False
09275,-0.04161585364766007,64.07249079535987,Passau,17,False
09276,-0.7004236207284777,39.51280895233154,Regen,4,True
09277,0.029132648008943107,56.573572382710196,Rottal-Inn,22,False
09278,0.5141194482171384,59.317319385355155,Straubing-Bogen,22,False
09279,0.23785084004026846,66.27069011601534,Dingolfing-Landau,22,False
09371,-0.3349897197395517,77.41807394252105,Amberg-Sulzbach,17,False
09372,-0.295443076149144,74.03447422623634,Cham,16,False
09373,0.0914137347117876,83.32572161842793,Neumarkt in der Oberpfalz,17,False
09374,0.0560056057615812,60.17476373672483,Neustadt an der Waldnaab,4,True
09375,0.31664618447535575,49.5674897323955,Regensburg,22,False
09376,0.15683389332501763,74.27271599152509,Schwandorf,17,False
09377,0.17968218464266006,66.74495686190468,Tirschenreuth,14,False
09471,-0.3169577684996163,78.72333184923446,Bamberg,21,False
09472,-0.5286174299691371,106.7185485424715,Bayreuth,17,False
09474,-0.45706184580759945,74.28427944071153,Forchheim,17,False
09475,-0.3661543482668379,85.1994883263111,Hof,16,False
09476,-0.5501271464725883,112.59146306719099,Kronach,7,True
09477,-0.16381991803987583,73.55401318942798,Kulmbach,17,False
09478,-0.8617127180383204,89.94632371341477,Lichtenfels,17,False
09479,0.30630074830581333,41.312109375000006,Wunsiedel im Fichtelgebirge,4,True
09562,-0.15755702198175237,80.83893571517046,Erlangen,17,False
09564,0.2707086258024741,58.45685309353996,Nürnberg,17,False
09565,0.14721128707243558,50.12015499788172,Schwabach,17,False
09571,-0.07882448075508952,92.6873407164487,Ansbach,22,False
09572,-0.6205163882036131,85.11588240006391,Erlangen-Höchstadt,17,False
09573,-0.042201924123229206,91.3536855350841,Fürth,22,False
09574,0.025219865045505108,56.27807663524852,Nürnberger Land,17,False
09575,-0.04188678676666635,95.19717140717943,Neustadt an der Aisch-Bad Windsheim,22,False
09576,0.22553323108992274,52.217960903379655,Roth,18,False
09577,-0.18536073669492503,79.66263149060701,Weißenburg-Gunzenhausen,19,False
09671,-0.1100988647251473,72.05586883993708,Aschaffenburg,17,False
09672,-0.1604009957175072,86.91645294362847,Bad Kissingen,22,False
09673,0.03518554232232085,70.54854191693391,Rhön-Grabfeld,22,False
09674,-0.060445404961390725,86.20583823897623,Haßberge,22,False
09675,-0.08350707170234717,110.1153770637512,Kitzingen,22,False
09676,0.30180853619994685,54.229017108735555,Miltenberg,21,False
09677,-0.009186711669865844,81.17719491958616,Main-Spessart,22,False
09678,-0.28636725525496587,107.23176807143471,Schweinfurt,22,False
09679,0.002923038085959062,87.25458231319082,Würzburg,22,False
09761,-0.2768453057141218,66.948715468014,Augsburg,17,False
09771,0.6339275245194652,54.04987093578686,Aichach-Friedberg,22,False
09772,0.47588640188984543,59.21965320240369,Augsburg,22,False
09773,0.456477869571817,59.41434346285732,Dillingen an der Donau,22,False
09774,0.5864878856795721,59.00332108757714,Günzburg,22,False
09775,-0.1950789084490261,54.87893784609708,Neu-Ulm,22,False
09777,0.07350939274060753,77.76669192089754,Ostallgäu,17,False
09778,0.4070170537560698,44.43194542379941,Unterallgäu,17,False
09779,0.4213246126275091,60.2023401815241,Donau-Ries,22,False
09780,0.5607813958711324,36.451240216209776,Oberallgäu,7,True
12060,-0.6021827445720287,36.757146112918846,Barnim,4,True
12061,-0.021121129591177068,73.43433494031427,Dahme-Spreewald,5,True
12062,0.22412789772560682,81.69533175659178,Elbe-Elster,20,False
12063,0.2561046277646827,98.54596372377303,Havelland,21,False
12064,-0.38339010722283806,75.17682821637108,Märkisch-Oderland,21,False
12065,-99.0,46.0111179891602,Oberhavel,1,True
12068,-0.17185262627558107,85.20953300052219,Ostprignitz-Ruppin,9,True
12069,-0.45442058778616734,88.05393837642671,Potsdam-Mittelmark,10,False
12070,0.6089730526012995,52.68235632896422,Prignitz,22,False
12071,-536.4864553194119,23.795905253092446,Spree-Neiße,3,True
12072,-0.1018643529136325,60.74626888394353,Teltow-Fläming,8,True
12073,0.11350837748415299,75.10498783284969,Uckermark,22,False
13071,0.5321973028927781,62.75155182597573,Mecklenburgische Seenplatte,22,False
13072,0.7913741438566155,40.964353626730635,Rostock,22,False
13073,0.7525325748154381,53.928259874807424,Vorpommern-Rügen,22,False
13074,0.44392620230051205,54.12468696767633,Nordwestmecklenburg,22,False
13075,0.4344745726599598,61.209740419381575,Vorpommern-Greifswald,22,False
13076,0.4541418938082894,50.91301202942726,Ludwigslust-Parchim,22,False
14521,-99.0,93.14419816293946,Erzgebirgskreis,1,True
14522,0.6273420972444281,50.8219423377071,Mittelsachsen,22,False
14524,-0.08856974674635265,88.72068146219074,Zwickau,18,False
14612,0.37966936797339246,36.34082183522463,Dresden,5,True
14625,0.2776871652209808,70.60945984743194,Bautzen,22,False
14626,0.04979391539533207,64.36655840800972,Görlitz,22,False
14627,0.42260960278312465,76.5957513796137,Meißen,22,False
14628,0.15084088886876112,75.85088312160798,Sächsische Schweiz-Osterzgebirge,16,False
14729,-0.10008924642579764,92.39861767939861,Leipzig,22,False
14730,-0.17886672709193951,107.50749431017871,Nordsachsen,22,False
15001,-0.5752856997258966,81.37898799775334,Dessau-Roßlau,16,False
15003,-0.20365501211717763,83.90349709546636,Magdeburg,19,False
15081,-0.04300944740756418,80.65053745226425,Altmarkkreis Salzwedel,22,False
15082,-0.2897480426351049,102.44152992122817,Anhalt-Bitterfeld,22,False
15083,0.0374682394600524,69.43224933540364,Börde,22,False
15084,-0.08643980440637256,77.12132751520495,Burgenlandkreis,22,False
15085,-0.3449407391779289,82.50223066049222,Harz,22,False
15086,-0.016430017162573085,88.6914851585181,Jerichower Land,22,False
15087,0.07583959066977886,74.26718801068782,Mansfeld-Südharz,22,False
15088,-0.4054719695919691,97.87978698145974,Saalekreis,22,False
15089,-0.20757202686350196,87.51009059694798,Salzlandkreis,22,False
15090,-0.04935551390820603,84.84282298694957,Stendal,22,False
15091,-0.4573811376236012,112.46220417360409,Wittenberg,22,False
16052,0.3200006132525822,72.26779909133911,Gera,22,False
16055,-0.7558402243064699,51.61780804104272,Weimar,9,True
16061,0.06476286207376525,75.45073739647866,Eichsfeld,16,False
16062,-0.033477563188736514,66.58588339632207,Nordhausen,22,False
16063,-6.738098030283344,89.3865527747461,Wartburgkreis,5,True
16064,-0.1424666679357427,56.973609334772284,Unstrut-Hainich-Kreis,22,False
16065,-0.2771206863530107,74.26301480726762,Kyffhäuserkreis,22,False
16066,0.23730811753919923,52.80604634094236,Schmalkalden-Meiningen,20,False
16067,-0.045723388924412633,71.4899590093439,Gotha,22,False
16068,-0.23652092396833768,74.1357506682656,Sömmerda,22,False
16069,-0.6658502906911978,87.2315956020355,Hildburghausen,16,False
16070,0.0847932713043078,75.18785497565018,Ilm-Kreis,19,False
16071,-0.07530966217928126,67.3420903743397,Weimarer Land,22,False
16074,0.22372179311519003,69.83098517851398,Saale-Holzland-Kreis,22,False
16075,-0.02478688977937682,79.70126546512948,Saale-Orla-Kreis,22,False
16076,0.03872177900491258,75.16328620563856,Greiz,22,False
16077,0.29627258432469883,62.1580276957425,Altenburger Land,22,False
